county,fall_term,applicants,admits,enrollees,admit_rate,yield_rate
Alameda,2005,2991.0,2601.0,1572.0,0.8696088264794383,0.6043829296424452
Alameda,2006,3466.0,3078.0,1933.0,0.8880553952683208,0.6280051981806368
Alameda,2007,3550.0,3175.0,1867.0,0.8943661971830986,0.5880314960629921
Alameda,2008,3799.0,3346.0,1931.0,0.8807580942353251,0.5771069934249851
Alameda,2009,3814.0,3329.0,1812.0,0.872836916622968,0.5443075998798438
Alameda,2010,3870.0,3322.0,1800.0,0.8583979328165374,0.5418422636965683
Alameda,2011,4006.0,3076.0,1754.0,0.7678482276585122,0.570221066319896
Alameda,2012,4434.0,3127.0,1778.0,0.7052322958953541,0.5685960984969619
Alameda,2013,4613.0,3224.0,1800.0,0.6988944287882073,0.5583126550868487
Alameda,2014,4949.0,3360.0,1921.0,0.6789250353606789,0.5717261904761904
Alameda,2015,5016.0,3287.0,1830.0,0.6553030303030303,0.5567386674779434
Alameda,2016,5110.0,3724.0,2176.0,0.7287671232876712,0.5843179377013964
Alameda,2017,5268.0,3607.0,2006.0,0.6847000759301443,0.5561408372608816
Alameda,2018,6012.0,4000.0,2205.0,0.6653359946773121,0.55125
Alameda,2019,5832.0,3956.0,2224.0,0.678326474622771,0.5621840242669363
Alameda,2020,5732.0,4412.0,2435.0,0.7697138869504536,0.5519038984587489
Alameda,2021,6484.0,4626.0,2356.0,0.7134484885872918,0.5092952875054042
Alameda,2022,6887.0,4937.0,2554.0,0.7168578481196457,0.5173182094389305
Alameda,2023,6764.0,5228.0,2660.0,0.7729154346540509,0.5087987758224942
Alameda,2024,6886.0,5351.0,2596.0,0.7770839384257915,0.4851429639319753
Alameda,2025,6665.0,5540.0,2531.0,0.8312078019504876,0.4568592057761733
Contra Costa,2005,2196.0,1951.0,1054.0,0.8884335154826958,0.5402357765248591
Contra Costa,2006,2404.0,2173.0,1229.0,0.903910149750416,0.5655775425678785
Contra Costa,2007,2261.0,2047.0,1089.0,0.9053516143299425,0.5319980459208598
Contra Costa,2008,2500.0,2267.0,1151.0,0.9068,0.5077194530216145
Contra Costa,2009,2413.0,2159.0,1086.0,0.8947368421052632,0.5030106530801297
Contra Costa,2010,2490.0,2231.0,1041.0,0.8959839357429719,0.4666069027341999
Contra Costa,2011,2483.0,1846.0,978.0,0.743455497382199,0.5297941495124594
Contra Costa,2012,2624.0,1822.0,980.0,0.694359756097561,0.5378704720087816
Contra Costa,2013,2942.0,1939.0,1015.0,0.659075458871516,0.5234657039711191
Contra Costa,2014,2991.0,1942.0,1074.0,0.6492811768639251,0.553038105046344
Contra Costa,2015,3175.0,1937.0,1027.0,0.6100787401574803,0.5302013422818792
Contra Costa,2016,3186.0,2184.0,1226.0,0.6854990583804144,0.5613553113553114
Contra Costa,2017,3314.0,2171.0,1192.0,0.6550995775497888,0.5490557346844772
Contra Costa,2018,3904.0,2376.0,1310.0,0.6086065573770492,0.5513468013468014
Contra Costa,2019,3602.0,2343.0,1219.0,0.6504719600222099,0.520273154075971
Contra Costa,2020,3775.0,2779.0,1481.0,0.736158940397351,0.5329255127743793
Contra Costa,2021,4334.0,2898.0,1476.0,0.6686663590216889,0.5093167701863354
Contra Costa,2022,4540.0,2982.0,1504.0,0.6568281938325992,0.5043594902749833
Contra Costa,2023,4368.0,3117.0,1705.0,0.7135989010989011,0.5470003208213026
Contra Costa,2024,4491.0,3166.0,1577.0,0.7049654865286128,0.49810486418193306
Contra Costa,2025,4393.0,3398.0,1535.0,0.7735033007056681,0.45173631547969395
Marin,2005,575.0,541.0,268.0,0.9408695652173913,0.4953789279112754
Marin,2006,648.0,590.0,304.0,0.9104938271604939,0.5152542372881356
Marin,2007,652.0,601.0,283.0,0.9217791411042945,0.47088186356073214
Marin,2008,645.0,602.0,286.0,0.9333333333333333,0.4750830564784053
Marin,2009,690.0,632.0,268.0,0.9159420289855073,0.4240506329113924
Marin,2010,664.0,605.0,239.0,0.911144578313253,0.3950413223140496
Marin,2011,587.0,447.0,189.0,0.7614991482112436,0.4228187919463087
Marin,2012,661.0,471.0,202.0,0.7125567322239031,0.4288747346072187
Marin,2013,733.0,480.0,209.0,0.654843110504775,0.4354166666666667
Marin,2014,735.0,472.0,213.0,0.6421768707482993,0.451271186440678
Marin,2015,690.0,418.0,183.0,0.6057971014492753,0.43779904306220097
Marin,2016,795.0,558.0,257.0,0.7018867924528301,0.460573476702509
Marin,2017,777.0,472.0,224.0,0.6074646074646075,0.4745762711864407
Marin,2018,879.0,492.0,212.0,0.5597269624573379,0.43089430894308944
Marin,2019,919.0,549.0,277.0,0.5973884657236126,0.5045537340619308
Marin,2020,929.0,620.0,305.0,0.667384284176534,0.49193548387096775
Marin,2021,1112.0,670.0,305.0,0.6025179856115108,0.4552238805970149
Marin,2022,1177.0,668.0,303.0,0.5675446049277825,0.4535928143712575
Marin,2023,1090.0,717.0,300.0,0.6577981651376147,0.41841004184100417
Marin,2024,1128.0,733.0,331.0,0.649822695035461,0.451568894952251
Marin,2025,1137.0,805.0,323.0,0.7080035180299032,0.4012422360248447
Napa,2005,184.0,164.0,84.0,0.8913043478260869,0.5121951219512195
Napa,2006,179.0,165.0,88.0,0.9217877094972067,0.5333333333333333
Napa,2007,202.0,184.0,102.0,0.9108910891089109,0.5543478260869565
Napa,2008,166.0,156.0,76.0,0.9397590361445783,0.48717948717948717
Napa,2009,185.0,155.0,70.0,0.8378378378378378,0.45161290322580644
Napa,2010,220.0,200.0,78.0,0.9090909090909091,0.39
Napa,2011,210.0,149.0,80.0,0.7095238095238096,0.5369127516778524
Napa,2012,214.0,128.0,66.0,0.5981308411214953,0.515625
Napa,2013,261.0,144.0,76.0,0.5517241379310345,0.5277777777777778
Napa,2014,280.0,154.0,87.0,0.55,0.564935064935065
Napa,2015,277.0,148.0,93.0,0.5342960288808665,0.6283783783783784
Napa,2016,309.0,188.0,107.0,0.6084142394822006,0.5691489361702128
Napa,2017,300.0,166.0,105.0,0.5533333333333333,0.6325301204819277
Napa,2018,313.0,186.0,117.0,0.5942492012779552,0.6290322580645161
Napa,2019,295.0,180.0,108.0,0.6101694915254238,0.6
Napa,2020,290.0,180.0,83.0,0.6206896551724138,0.46111111111111114
Napa,2021,362.0,220.0,100.0,0.6077348066298343,0.45454545454545453
Napa,2022,375.0,227.0,118.0,0.6053333333333333,0.5198237885462555
Napa,2023,315.0,218.0,118.0,0.692063492063492,0.5412844036697247
Napa,2024,374.0,249.0,116.0,0.6657754010695187,0.46586345381526106
Napa,2025,289.0,214.0,83.0,0.740484429065744,0.3878504672897196
San Francisco,2005,1331.0,1157.0,800.0,0.8692712246431255,0.6914433880726015
San Francisco,2006,1616.0,1420.0,983.0,0.8787128712871287,0.6922535211267605
San Francisco,2007,1543.0,1339.0,886.0,0.8677900194426442,0.6616878267363704
San Francisco,2008,1587.0,1348.0,822.0,0.84940138626339,0.6097922848664689
San Francisco,2009,1532.0,1270.0,760.0,0.8289817232375979,0.5984251968503937
San Francisco,2010,1735.0,1452.0,920.0,0.8368876080691643,0.6336088154269972
San Francisco,2011,1606.0,1225.0,833.0,0.7627646326276464,0.68
San Francisco,2012,1724.0,1272.0,875.0,0.7378190255220418,0.6878930817610063
San Francisco,2013,1799.0,1223.0,842.0,0.67982212340189,0.6884709730171709
San Francisco,2014,1919.0,1291.0,861.0,0.6727462219906201,0.6669248644461657
San Francisco,2015,1826.0,1131.0,748.0,0.6193866374589266,0.6613616268788682
San Francisco,2016,1834.0,1301.0,869.0,0.7093784078516903,0.6679477325134512
San Francisco,2017,1905.0,1207.0,746.0,0.6335958005249344,0.6180613090306545
San Francisco,2018,2075.0,1307.0,803.0,0.6298795180722891,0.6143840856924254
San Francisco,2019,1867.0,1192.0,714.0,0.6384574183181575,0.5989932885906041
San Francisco,2020,1852.0,1420.0,868.0,0.7667386609071274,0.6112676056338028
San Francisco,2021,2166.0,1550.0,882.0,0.7156048014773777,0.5690322580645162
San Francisco,2022,2275.0,1665.0,1017.0,0.7318681318681318,0.6108108108108108
San Francisco,2023,2192.0,1666.0,989.0,0.760036496350365,0.5936374549819928
San Francisco,2024,2040.0,1561.0,844.0,0.7651960784313725,0.5406790518898142
San Francisco,2025,1983.0,1610.0,860.0,0.8119011598587998,0.5341614906832298
San Mateo,2005,1229.0,1086.0,626.0,0.8836452400325467,0.576427255985267
San Mateo,2006,1390.0,1282.0,754.0,0.9223021582733812,0.5881435257410297
San Mateo,2007,1468.0,1325.0,721.0,0.9025885558583107,0.5441509433962264
San Mateo,2008,1517.0,1346.0,711.0,0.8872775214238628,0.5282317979197623
San Mateo,2009,1479.0,1298.0,633.0,0.8776200135226504,0.487673343605547
San Mateo,2010,1480.0,1301.0,627.0,0.879054054054054,0.4819369715603382
San Mateo,2011,1516.0,1152.0,624.0,0.7598944591029023,0.5416666666666666
San Mateo,2012,1645.0,1191.0,622.0,0.7240121580547112,0.5222502099076406
San Mateo,2013,1858.0,1226.0,597.0,0.6598493003229279,0.48694942903752036
San Mateo,2014,1919.0,1277.0,656.0,0.6654507556018759,0.5137039937353172
San Mateo,2015,1884.0,1196.0,611.0,0.6348195329087049,0.5108695652173914
San Mateo,2016,1921.0,1436.0,733.0,0.7475273295158772,0.5104456824512534
San Mateo,2017,2122.0,1358.0,691.0,0.6399622997172478,0.5088365243004418
San Mateo,2018,2426.0,1476.0,773.0,0.6084089035449299,0.5237127371273713
San Mateo,2019,2247.0,1424.0,722.0,0.6337338673787272,0.5070224719101124
San Mateo,2020,2220.0,1651.0,827.0,0.7436936936936936,0.500908540278619
San Mateo,2021,2626.0,1669.0,793.0,0.6355674028941356,0.4751348112642301
San Mateo,2022,2815.0,1840.0,893.0,0.6536412078152753,0.48532608695652174
San Mateo,2023,2685.0,1874.0,799.0,0.697951582867784,0.4263607257203842
San Mateo,2024,2807.0,1994.0,948.0,0.7103669397933737,0.4754262788365095
San Mateo,2025,2701.0,2088.0,861.0,0.7730470196223621,0.41235632183908044
Santa Clara,2005,4096.0,3743.0,2199.0,0.913818359375,0.5874966604328079
Santa Clara,2006,4440.0,4081.0,2447.0,0.9191441441441441,0.5996079392305808
Santa Clara,2007,4612.0,4238.0,2385.0,0.9189071986123157,0.5627654554034922
Santa Clara,2008,4805.0,4387.0,2422.0,0.9130072840790843,0.5520857077729656
Santa Clara,2009,4851.0,4401.0,2246.0,0.9072356215213359,0.5103385594183141
Santa Clara,2010,5060.0,4577.0,2275.0,0.9045454545454545,0.4970504697400044
Santa Clara,2011,4901.0,4005.0,2086.0,0.8171801673127933,0.5208489388264669
Santa Clara,2012,5580.0,4311.0,2217.0,0.7725806451612903,0.5142658315935977
Santa Clara,2013,5750.0,4091.0,1993.0,0.7114782608695652,0.48716695184551456
Santa Clara,2014,6101.0,4301.0,2187.0,0.7049663989509917,0.508486398511974
Santa Clara,2015,6371.0,4266.0,2038.0,0.6695966096374195,0.47773089545241443
Santa Clara,2016,6449.0,4895.0,2488.0,0.7590324081252907,0.508273748723187
Santa Clara,2017,6696.0,4643.0,2289.0,0.6933990442054958,0.4930002153779884
Santa Clara,2018,7496.0,4975.0,2427.0,0.6636872998932765,0.4878391959798995
Santa Clara,2019,7253.0,4784.0,2301.0,0.6595891355301254,0.48097826086956524
Santa Clara,2020,7404.0,5793.0,2754.0,0.7824149108589952,0.4754013464526152
Santa Clara,2021,8246.0,5723.0,2516.0,0.6940334707737085,0.4396295649135069
Santa Clara,2022,8266.0,5745.0,2665.0,0.6950157270747641,0.463881636205396
Santa Clara,2023,8137.0,6031.0,2604.0,0.7411822539019295,0.4317691925053888
Santa Clara,2024,7902.0,5877.0,2544.0,0.7437357630979499,0.4328739152628892
Santa Clara,2025,7733.0,6269.0,2500.0,0.8106814948920212,0.39878768543627374
Solano,2005,507.0,428.0,234.0,0.8441814595660749,0.5467289719626168
Solano,2006,533.0,453.0,270.0,0.849906191369606,0.5960264900662252
Solano,2007,575.0,503.0,276.0,0.8747826086956522,0.5487077534791253
Solano,2008,563.0,471.0,248.0,0.8365896980461812,0.5265392781316348
Solano,2009,602.0,520.0,284.0,0.8637873754152824,0.5461538461538461
Solano,2010,570.0,491.0,224.0,0.8614035087719298,0.45621181262729127
Solano,2011,561.0,379.0,216.0,0.6755793226381461,0.5699208443271768
Solano,2012,595.0,375.0,241.0,0.6302521008403361,0.6426666666666667
Solano,2013,644.0,370.0,236.0,0.5745341614906833,0.6378378378378379
Solano,2014,629.0,379.0,234.0,0.6025437201907791,0.6174142480211082
Solano,2015,644.0,395.0,258.0,0.6133540372670807,0.6531645569620254
Solano,2016,654.0,435.0,275.0,0.6651376146788991,0.632183908045977
Solano,2017,699.0,435.0,268.0,0.6223175965665236,0.6160919540229886
Solano,2018,732.0,432.0,263.0,0.5901639344262295,0.6087962962962963
Solano,2019,674.0,405.0,245.0,0.6008902077151336,0.6049382716049383
Solano,2020,709.0,471.0,277.0,0.6643159379407616,0.5881104033970276
Solano,2021,701.0,449.0,236.0,0.6405135520684736,0.5256124721603563
Solano,2022,753.0,470.0,247.0,0.6241699867197875,0.5255319148936171
Solano,2023,733.0,461.0,241.0,0.6289222373806276,0.5227765726681128
Solano,2024,826.0,536.0,271.0,0.648910411622276,0.5055970149253731
Solano,2025,735.0,533.0,256.0,0.7251700680272108,0.4803001876172608
Sonoma,2005,688.0,630.0,335.0,0.9156976744186046,0.5317460317460317
Sonoma,2006,665.0,601.0,304.0,0.9037593984962407,0.5058236272878536
Sonoma,2007,696.0,629.0,291.0,0.9037356321839081,0.4626391096979332
Sonoma,2008,721.0,655.0,311.0,0.9084604715672677,0.47480916030534354
Sonoma,2009,669.0,593.0,271.0,0.8863976083707026,0.45699831365935917
Sonoma,2010,678.0,605.0,261.0,0.8923303834808259,0.43140495867768597
Sonoma,2011,614.0,453.0,233.0,0.737785016286645,0.5143487858719646
Sonoma,2012,674.0,486.0,255.0,0.7210682492581603,0.5246913580246914
Sonoma,2013,731.0,474.0,247.0,0.6484268125854993,0.5210970464135021
Sonoma,2014,700.0,440.0,229.0,0.6285714285714286,0.5204545454545455
Sonoma,2015,735.0,441.0,246.0,0.6,0.5578231292517006
Sonoma,2016,759.0,516.0,276.0,0.6798418972332015,0.5348837209302325
Sonoma,2017,831.0,475.0,244.0,0.5716004813477737,0.5136842105263157
Sonoma,2018,807.0,434.0,242.0,0.5377942998760843,0.5576036866359447
Sonoma,2019,778.0,443.0,225.0,0.5694087403598972,0.5079006772009029
Sonoma,2020,748.0,503.0,262.0,0.6724598930481284,0.5208747514910537
Sonoma,2021,880.0,568.0,291.0,0.6454545454545455,0.5123239436619719
Sonoma,2022,925.0,572.0,280.0,0.6183783783783784,0.48951048951048953
Sonoma,2023,916.0,610.0,297.0,0.665938864628821,0.48688524590163934
Sonoma,2024,876.0,563.0,267.0,0.6426940639269406,0.47424511545293074
Sonoma,2025,821.0,613.0,277.0,0.7466504263093788,0.45187601957585644
