high_school,fall_term,applicants,admits,enrollees,admit_rate,yield_rate,city,county,cde_district,cds_code,school_type,charter,cohort_students,graduates,grad_rate,ag_completers,ag_completion_rate,hs_completers,college_going_rate,enrolled_uc,enrolled_csu,enrolled_ccc,enrolled_in_state_private,enrolled_out_of_state,enrollment_k12,frpm_count,frpm_pct,caaspp_ela_mean_score,caaspp_mathematics_mean_score,caaspp_ela_pct_met,caaspp_mathematics_pct_met
DOUGHERTY VALLEY HIGH SCHOOL,2025,654.0,588.0,267.0,0.8990825688073395,0.45408163265306123,San Ramon,Contra Costa,San Ramon Valley Unified,07618040113118,High Schools (Public),False,841.0,824.0,98.0,598.0,72.6,,,,,,,,3039.0,247.0,0.0812767357683448,2693.8,2724.3,88.71,79.23
DUBLIN HIGH SCHOOL,2025,520.0,466.0,208.0,0.8961538461538462,0.44635193133047213,Dublin,Alameda,Dublin Unified,01750930132704,High Schools (Public),False,829.0,810.0,97.7,667.0,82.3,,,,,,,,2771.0,469.0,0.1692529772645254,2656.2,2669.9,79.28,63.14
BERKELEY HIGH SCHOOL,2025,474.0,395.0,178.0,0.8333333333333334,0.4506329113924051,Berkeley,Alameda,Berkeley Unified,01611430131177,High Schools (Public),False,810.0,774.0,95.6,541.0,69.9,,,,,,,,3218.0,798.0,0.2479801118707271,2623.3,2630.4,67.55,54.28
LOWELL HIGH SCHOOL,2025,443.0,373.0,201.0,0.8419864559819413,0.5388739946380697,San Francisco,San Francisco,San Francisco Unified,38684783833407,High Schools (Public),False,624.0,587.0,94.1,488.0,83.1,,,,,,,,2571.0,1093.0,0.425126409957215,2681.1,2678.5,84.5,66.29
AMERICAN HIGH SCHOOL,2025,409.0,373.0,198.0,0.9119804400977995,0.5308310991957105,Fremont,Alameda,Fremont Unified,01611760130062,High Schools (Public),False,621.0,597.0,96.1,456.0,76.4,,,,,,,,2618.0,653.0,0.2494270435446906,2714.9,2714.7,88.14,72.32
IRVINGTON HIGH SCHOOL,2025,367.0,338.0,172.0,0.9209809264305178,0.5088757396449705,Fremont,Alameda,Fremont Unified,01611760134270,High Schools (Public),False,539.0,507.0,94.1,355.0,70.0,,,,,,,,2157.0,532.0,0.2466388502549837,2691.5,2712.6,85.09,73.38
MONTA VISTA HIGH SCHOOL,2025,370.0,337.0,138.0,0.9108108108108108,0.4094955489614243,Cupertino,Santa Clara,Fremont Union High,43694684334462,High Schools (Public),False,445.0,434.0,97.5,401.0,92.4,,,,,,,,1630.0,97.0,0.0595092024539877,2703.6,2767.6,87.82,89.62
EVERGREEN VALLEY HIGH SCHOOL,2025,406.0,334.0,152.0,0.8226600985221675,0.4550898203592814,San Jose,Santa Clara,East Side Union High,43694274330692,High Schools (Public),False,699.0,665.0,95.1,518.0,77.9,,,,,,,,2703.0,606.0,0.2241953385127636,2680.1,2680.8,83.53,67.47
AMADOR VALLEY HIGH SCHOOL,2025,397.0,330.0,147.0,0.8312342569269522,0.44545454545454544,Pleasanton,Alameda,Pleasanton Unified,01751010130583,High Schools (Public),False,653.0,637.0,97.5,514.0,80.7,,,,,,,,2583.0,213.0,0.0824622531939605,2664.5,2680.8,78.7,65.18
CALIFORNIA HIGH SCHOOL,2025,381.0,325.0,157.0,0.8530183727034121,0.48307692307692307,San Ramon,Contra Costa,San Ramon Valley Unified,07618040730051,High Schools (Public),False,720.0,709.0,98.5,451.0,63.6,,,,,,,,2894.0,253.0,0.0874222529371112,2630.0,2639.0,67.01,56.61
MISSION SAN JOSE HIGH SCHOOL,2025,357.0,317.0,101.0,0.8879551820728291,0.3186119873817035,Fremont,Alameda,Fremont Unified,01611760135244,High Schools (Public),False,434.0,417.0,96.1,382.0,91.6,,,,,,,,1794.0,323.0,0.1800445930880713,2716.1,2759.3,91.0,85.37
CUPERTINO HIGH SCHOOL,2025,331.0,306.0,138.0,0.9244712990936556,0.45098039215686275,Cupertino,Santa Clara,Fremont Union High,43694684331799,High Schools (Public),False,491.0,481.0,98.0,406.0,84.4,,,,,,,,1800.0,184.0,0.1022222222222222,2702.1,2749.9,85.9,81.37
LYNBROOK HIGH SCHOOL,2025,342.0,300.0,97.0,0.8771929824561403,0.3233333333333333,San Jose,Santa Clara,Fremont Union High,43694684334421,High Schools (Public),False,407.0,397.0,97.5,370.0,93.2,,,,,,,,1702.0,111.0,0.0652173913043478,2731.2,2792.6,93.72,92.21
HOMESTEAD HIGH SCHOOL,2025,369.0,297.0,121.0,0.8048780487804879,0.4074074074074074,Cupertino,Santa Clara,Fremont Union High,43694684333316,High Schools (Public),False,587.0,565.0,96.3,436.0,77.2,,,,,,,,2224.0,354.0,0.1591726618705036,2659.7,2695.7,78.56,71.21
CARLMONT HIGH SCHOOL,2025,361.0,279.0,132.0,0.7728531855955678,0.4731182795698925,Belmont,San Mateo,Sequoia Union High,41690624130993,High Schools (Public),False,589.0,578.0,98.1,449.0,77.7,,,,,,,,2360.0,220.0,0.0932203389830508,2706.2,2707.2,86.95,73.96
ABRAHAM LINCOLN HIGH SCHOOL,2025,355.0,276.0,141.0,0.7774647887323943,0.5108695652173914,San Francisco,San Francisco,San Francisco Unified,38684783833241,High Schools (Public),False,505.0,466.0,92.3,304.0,65.2,,,,,,,,2074.0,1131.0,0.5453230472516876,2615.0,2581.8,66.67,40.43
LOS ALTOS HIGH SCHOOL,2025,333.0,274.0,90.0,0.8228228228228228,0.3284671532846715,Los Altos,Santa Clara,Mountain View-Los Altos Union High,43696094334116,High Schools (Public),False,544.0,527.0,96.9,440.0,83.5,,,,,,,,2170.0,359.0,0.1654377880184331,2671.7,2683.5,76.29,66.53
PALO ALTO SENIOR HIGH SCHOOL,2025,341.0,265.0,82.0,0.7771260997067448,0.30943396226415093,Palo Alto,Santa Clara,Palo Alto Unified,43696414335782,High Schools (Public),False,466.0,457.0,98.1,430.0,94.1,,,,,,,,1891.0,252.0,0.1332628239026969,2643.5,2696.4,72.29,70.13
FOOTHILL HIGH SCHOOL,2025,304.0,264.0,120.0,0.868421052631579,0.45454545454545453,Pleasanton,Alameda,Pleasanton Unified,01751010130096,High Schools (Public),False,513.0,491.0,95.7,408.0,83.1,,,,,,,,2169.0,192.0,0.0885200553250345,2677.3,2679.5,81.49,66.52
HENRY M GUNN SENIOR HIGH SCHL,2025,325.0,260.0,74.0,0.8,0.2846153846153846,Palo Alto,Santa Clara,Palo Alto Unified,43696414332904,High Schools (Public),False,433.0,421.0,97.2,385.0,91.4,,,,,,,,1643.0,192.0,0.1168594035301278,2683.7,2731.8,83.59,77.64
MOUNTAIN VIEW HIGH SCHOOL,2025,341.0,254.0,99.0,0.7448680351906158,0.38976377952755903,Mountain View,Santa Clara,Mountain View-Los Altos Union High,43696094334728,High Schools (Public),False,584.0,554.0,94.9,461.0,83.2,,,,,,,,2187.0,277.0,0.1266575217192501,2686.9,2693.4,82.07,69.2
MILPITAS HIGH SCHOOL,2025,284.0,238.0,104.0,0.8380281690140845,0.4369747899159664,Milpitas,Santa Clara,Milpitas Unified,43733874334470,High Schools (Public),False,686.0,650.0,94.8,385.0,59.2,,,,,,,,2926.0,1286.0,0.4395078605604921,2642.4,2635.4,72.98,55.29
GEORGE WASHINGTON HIGH SCHOOL,2025,284.0,235.0,122.0,0.8274647887323944,0.5191489361702127,San Francisco,San Francisco,San Francisco Unified,38684783839081,High Schools (Public),False,519.0,476.0,91.7,345.0,72.5,,,,,,,,2068.0,1072.0,0.5183752417794971,2653.3,2646.5,79.28,58.21
CASTRO VALLEY HIGH SCHOOL,2025,306.0,234.0,103.0,0.7647058823529411,0.44017094017094016,Castro Valley,Alameda,Castro Valley Unified,01611500132225,High Schools (Public),False,668.0,655.0,98.1,447.0,68.2,,,,,,,,2874.0,1151.0,0.4004871259568545,2620.0,2623.7,66.34,49.02
MONTE VISTA HIGH SCHOOL,2025,295.0,232.0,104.0,0.7864406779661017,0.4482758620689655,Danville,Contra Costa,San Ramon Valley Unified,07618040734368,High Schools (Public),False,519.0,512.0,98.7,350.0,68.4,,,,,,,,2042.0,110.0,0.0538687561214495,2668.0,2664.5,82.38,60.9
LOS GATOS HIGH SCHOOL,2025,292.0,223.0,88.0,0.7636986301369864,0.39461883408071746,Los Gatos,Santa Clara,Los Gatos-Saratoga Union High,43695344334371,High Schools (Public),False,520.0,506.0,97.3,424.0,83.8,,,,,,,,1914.0,131.0,0.0684430512016718,2668.5,2666.8,83.63,63.29
OAKLAND TECHNICAL HIGH SCHOOL,2025,264.0,215.0,87.0,0.8143939393939394,0.4046511627906977,Oakland,Alameda,Oakland Unified,01612590136051,High Schools (Public),False,449.0,422.0,94.0,337.0,79.9,,,,,,,,1812.0,1272.0,0.7019867549668874,2598.0,2557.5,59.58,31.97
ARAGON HIGH SCHOOL,2025,250.0,214.0,89.0,0.856,0.4158878504672897,San Mateo,San Mateo,San Mateo Union High,41690474130217,High Schools (Public),False,445.0,437.0,98.2,353.0,80.8,,,,,,,,1658.0,279.0,0.1682750301568154,2664.9,2659.4,78.2,56.87
ALAMEDA HIGH SCHOOL,2025,244.0,209.0,123.0,0.8565573770491803,0.5885167464114832,Alameda,Alameda,Alameda Unified,01611190130229,High Schools (Public),False,475.0,449.0,94.5,346.0,77.1,,,,,,,,1868.0,568.0,0.30406852248394,2647.1,2623.7,76.82,54.79
SARATOGA HIGH SCHOOL,2025,245.0,205.0,53.0,0.8367346938775511,0.25853658536585367,Saratoga,Santa Clara,Los Gatos-Saratoga Union High,43695344337762,High Schools (Public),False,303.0,291.0,96.0,260.0,89.3,,,,,,,,1161.0,40.0,0.0344530577088716,2696.0,2741.3,88.69,84.1
LEIGH HIGH SCHOOL,2025,242.0,204.0,92.0,0.8429752066115702,0.45098039215686275,San Jose,Santa Clara,Campbell Union High,43694014330239,High Schools (Public),False,467.0,459.0,98.3,360.0,78.4,,,,,,,,1884.0,339.0,0.179936305732484,2662.5,2673.0,76.22,65.48
TAMALPAIS HIGH SCHOOL,2025,271.0,199.0,70.0,0.7343173431734318,0.35175879396984927,Mill Valley,Marin,Tamalpais Union High,21654822133692,High Schools (Public),False,420.0,414.0,98.6,360.0,87.0,,,,,,,,1470.0,173.0,0.1176870748299319,2648.6,2629.4,77.44,55.92
LELAND HIGH SCHOOL,2025,241.0,199.0,87.0,0.8257261410788381,0.4371859296482412,San Jose,Santa Clara,San Jose Unified,43696664333522,High Schools (Public),False,387.0,377.0,97.4,283.0,75.1,,,,,,,,1471.0,166.0,0.1128484024473147,2692.3,2700.5,85.67,69.94
FREMONT HIGH SCHOOL,2025,231.0,188.0,68.0,0.8138528138528138,0.3617021276595745,Oakland,Alameda,Oakland Unified,01612590125716,High Schools (Public),False,263.0,195.0,74.1,136.0,69.7,,,,,,,,1166.0,1155.0,0.9905660377358492,2447.2,2403.7,11.98,0.91
JAMES LOGAN HIGH SCHOOL,2025,232.0,185.0,97.0,0.7974137931034483,0.5243243243243243,Union City,Alameda,New Haven Unified,01612420134668,High Schools (Public),False,780.0,743.0,95.3,389.0,52.4,,,,,,,,3096.0,1634.0,0.5277777777777778,2609.9,2565.6,62.36,32.43
GALILEO ACAD OF SCIENCE & TECH,2025,214.0,178.0,115.0,0.8317757009345794,0.6460674157303371,San Francisco,San Francisco,San Francisco Unified,38684783831765,High Schools (Public),False,424.0,370.0,87.3,247.0,66.8,,,,,,,,1750.0,1101.0,0.6291428571428571,2620.6,2611.8,66.1,51.36
MENLO ATHERTON HIGH SCHOOL,2025,233.0,167.0,67.0,0.7167381974248928,0.40119760479041916,Atherton,San Mateo,Sequoia Union High,41690624133716,High Schools (Public),False,537.0,487.0,90.7,319.0,65.5,,,,,,,,2158.0,712.0,0.329935125115848,2655.2,2641.8,72.01,54.27
WASHINGTON HIGH SCHOOL,2025,186.0,164.0,80.0,0.8817204301075269,0.4878048780487805,Fremont,Alameda,Fremont Unified,01611760138693,High Schools (Public),False,484.0,451.0,93.2,278.0,61.6,,,,,,,,1957.0,713.0,0.3643331630045989,2645.1,2623.1,71.88,50.0
REDWOOD HIGH SCHOOL,2025,258.0,164.0,73.0,0.6356589147286822,0.4451219512195122,Larkspur,Marin,Tamalpais Union High,21654822132587,High Schools (Public),False,415.0,410.0,98.8,364.0,88.8,,,,,,,,1722.0,141.0,0.0818815331010452,2649.1,2659.1,73.77,61.71
BURLINGAME HIGH SCHOOL,2025,217.0,163.0,49.0,0.7511520737327189,0.3006134969325153,Burlingame,San Mateo,San Mateo Union High,41690474130472,High Schools (Public),False,371.0,355.0,95.7,303.0,85.4,,,,,,,,1583.0,211.0,0.1332912192040429,2680.8,2660.8,87.32,61.15
ALBANY HIGH SCHOOL,2025,198.0,161.0,72.0,0.8131313131313131,0.4472049689440994,Albany,Alameda,Albany City Unified,01611270130450,High Schools (Public),False,288.0,286.0,99.3,222.0,77.6,,,,,,,,1122.0,348.0,0.3101604278074866,2678.3,2694.3,83.9,69.43
PIEDMONT HILLS HIGH SCHOOL,2025,198.0,157.0,69.0,0.7929292929292929,0.4394904458598726,San Jose,Santa Clara,East Side Union High,43694274335907,High Schools (Public),False,505.0,478.0,94.7,321.0,67.2,,,,,,,,1918.0,578.0,0.3013555787278415,2654.5,2640.9,74.9,53.4
MIRAMONTE HIGH SCHOOL,2025,194.0,155.0,54.0,0.7989690721649485,0.34838709677419355,Orinda,Contra Costa,Acalanes Union High,07616300734244,High Schools (Public),False,305.0,298.0,97.7,268.0,89.9,,,,,,,,1167.0,54.0,0.0462724935732647,2700.1,2695.8,87.68,72.73
BRANHAM HIGH SCHOOL,2025,189.0,150.0,60.0,0.7936507936507936,0.4,San Jose,Santa Clara,Campbell Union High,43694014330866,High Schools (Public),False,489.0,460.0,94.1,341.0,74.1,,,,,,,,1820.0,572.0,0.3142857142857143,2650.1,2626.1,74.21,52.48
LAS LOMAS HIGH SCHOOL,2025,202.0,149.0,69.0,0.7376237623762376,0.46308724832214765,Walnut Creek,Contra Costa,Acalanes Union High,07616300733725,High Schools (Public),False,428.0,421.0,98.4,332.0,78.9,,,,,,,,1577.0,243.0,0.1540900443880786,2652.4,2635.1,73.4,53.32
NORTHGATE HIGH SCHOOL,2025,178.0,143.0,75.0,0.8033707865168539,0.5244755244755245,Walnut Creek,Contra Costa,Mt. Diablo Unified,07617540730044,High Schools (Public),False,382.0,377.0,98.7,251.0,66.6,,,,,,,,1546.0,346.0,0.2238033635187581,2647.6,2645.3,76.65,56.91
EL CERRITO HIGH SCHOOL,2025,165.0,139.0,74.0,0.8424242424242424,0.5323741007194245,El Cerrito,Contra Costa,West Contra Costa Unified,07617960732941,High Schools (Public),False,397.0,371.0,93.5,210.0,56.6,,,,,,,,1460.0,569.0,0.3897260273972602,2584.5,2551.4,52.41,30.55
MILLS HIGH SCHOOL,2025,157.0,136.0,73.0,0.8662420382165605,0.5367647058823529,Millbrae,San Mateo,San Mateo Union High,41690474134557,High Schools (Public),False,278.0,270.0,97.1,180.0,66.7,,,,,,,,1115.0,226.0,0.2026905829596412,2638.5,2633.4,75.29,56.49
SILVER CREEK HIGH SCHOOL,2025,176.0,136.0,61.0,0.7727272727272727,0.4485294117647059,San Jose,Santa Clara,East Side Union High,43694274337903,High Schools (Public),False,538.0,510.0,94.8,334.0,65.5,,,,,,,,2139.0,954.0,0.4460028050490883,2628.9,2615.2,70.92,47.17
CAMPOLINDO HIGH SCHOOL,2025,187.0,132.0,60.0,0.7058823529411765,0.45454545454545453,Moraga,Contra Costa,Acalanes Union High,07616300731125,High Schools (Public),False,321.0,316.0,98.4,258.0,81.6,,,,,,,,1340.0,73.0,0.0544776119402985,2677.5,2684.2,87.01,67.31
SAN MATEO HIGH SCHOOL,2025,164.0,131.0,51.0,0.7987804878048781,0.3893129770992366,San Mateo,San Mateo,San Mateo Union High,41690474136370,High Schools (Public),False,392.0,358.0,91.3,215.0,60.1,,,,,,,,1557.0,593.0,0.3808606294155427,2619.1,2601.3,66.46,42.86
GRANADA HIGH SCHOOL,2025,162.0,130.0,69.0,0.8024691358024691,0.5307692307692308,Livermore,Alameda,Livermore Valley Joint Unified,01612000133397,High Schools (Public),False,532.0,524.0,98.5,340.0,64.9,,,,,,,,2156.0,338.0,0.1567717996289425,2652.5,2620.6,76.61,47.39
SANTA CLARA HIGH SCHOOL,2025,157.0,129.0,65.0,0.821656050955414,0.5038759689922481,Santa Clara,Santa Clara,Santa Clara Unified,43696744330122,High Schools (Public),False,485.0,459.0,94.6,250.0,54.5,,,,,,,,1663.0,393.0,0.2363199037883343,2652.4,2609.8,72.65,45.1
SANTA TERESA HIGH SCHOOL,2025,159.0,125.0,51.0,0.7861635220125787,0.408,San Jose,Santa Clara,East Side Union High,43694274330023,High Schools (Public),False,536.0,507.0,94.6,315.0,62.1,,,,,,,,2134.0,595.0,0.2788191190253046,2626.6,2604.6,67.84,43.25
CLAYTON VALLEY CHARTER HIGH SCHOOL,2025,186.0,125.0,61.0,0.6720430107526881,0.488,Concord,Contra Costa,Contra Costa County Office of Education,07100740731380,High Schools (Public),True,580.0,554.0,95.5,542.0,97.8,,,,,,,,2373.0,530.0,0.2233459755583649,2648.6,2602.5,75.61,42.63
SAN LEANDRO HIGH SCHOOL,2025,155.0,123.0,65.0,0.7935483870967742,0.5284552845528455,San Leandro,Alameda,San Leandro Unified,01612910137588,High Schools (Public),False,589.0,550.0,93.4,268.0,48.7,,,,,,,,2510.0,1891.0,0.7533864541832669,2560.8,2519.2,44.76,20.22
WOODSIDE HIGH SCHOOL,2025,166.0,123.0,46.0,0.7409638554216867,0.37398373983739835,Woodside,San Mateo,Sequoia Union High,41690624138053,High Schools (Public),False,420.0,382.0,91.0,261.0,68.3,,,,,,,,1660.0,476.0,0.2867469879518072,2602.5,2592.8,60.99,39.63
ACALANES HIGH SCHOOL,2025,164.0,121.0,54.0,0.7378048780487805,0.4462809917355372,Lafayette,Contra Costa,Acalanes Union High,07616300730283,High Schools (Public),False,319.0,311.0,97.5,256.0,82.3,,,,,,,,1256.0,92.0,0.0732484076433121,2691.7,2674.2,87.07,67.24
ANGELO RODRIGUEZ HIGH SCHOOL,2025,150.0,121.0,50.0,0.8066666666666666,0.4132231404958678,Fairfield,Solano,Fairfield-Suisun Unified,48705404830170,High Schools (Public),False,521.0,505.0,96.9,312.0,61.8,,,,,,,,2111.0,801.0,0.379441023211748,2637.3,2559.6,72.73,29.14
BALBOA HIGH SCHOOL,2025,152.0,120.0,60.0,0.7894736842105263,0.5,San Francisco,San Francisco,San Francisco Unified,38684783830288,High Schools (Public),False,311.0,289.0,92.9,204.0,70.6,,,,,,,,1238.0,789.0,0.6373182552504039,2629.5,2597.3,69.51,43.75
SEQUOIA HIGH SCHOOL,2025,157.0,119.0,34.0,0.7579617834394905,0.2857142857142857,Redwood City,San Mateo,Sequoia Union High,41690624136693,High Schools (Public),False,464.0,388.0,83.6,238.0,61.3,,,,,,,,1854.0,728.0,0.3926645091693635,2578.8,2547.3,53.75,28.61
COLLEGE PARK HIGH SCHOOL,2025,154.0,118.0,58.0,0.7662337662337663,0.4915254237288136,Pleasant Hill,Contra Costa,Mt. Diablo Unified,07617540731646,High Schools (Public),False,496.0,471.0,95.0,236.0,50.1,,,,,,,,1948.0,789.0,0.4050308008213552,2621.4,2600.9,64.09,40.96
ADRIAN C WILCOX HIGH SCHOOL,2025,145.0,118.0,56.0,0.8137931034482758,0.4745762711864407,Santa Clara,Santa Clara,Santa Clara Unified,43696744338802,High Schools (Public),False,480.0,451.0,94.0,237.0,52.5,,,,,,,,1614.0,420.0,0.2602230483271375,2602.9,2583.3,59.06,38.8
PIONEER HIGH SCHOOL,2025,159.0,115.0,51.0,0.7232704402515723,0.4434782608695652,San Jose,Santa Clara,San Jose Unified,43696664335949,High Schools (Public),False,357.0,346.0,96.9,220.0,63.6,,,,,,,,1393.0,429.0,0.3079684134960517,2642.0,2605.8,72.21,41.6
HILLSDALE HIGH SCHOOL,2025,155.0,114.0,41.0,0.7354838709677419,0.35964912280701755,San Mateo,San Mateo,San Mateo Union High,41690474133070,High Schools (Public),False,403.0,366.0,90.8,274.0,74.9,,,,,,,,1585.0,400.0,0.252365930599369,2612.8,2582.0,64.95,37.23
WESTMONT HIGH SCHOOL,2025,149.0,113.0,49.0,0.7583892617449665,0.4336283185840708,Campbell,Santa Clara,Campbell Union High,43694014338505,High Schools (Public),False,408.0,392.0,96.1,275.0,70.2,,,,,,,,1682.0,706.0,0.4197384066587395,2632.3,2616.6,70.03,48.5
SAN RAMON VALLEY HIGH SCHOOL,2025,188.0,113.0,54.0,0.601063829787234,0.4778761061946903,Danville,Contra Costa,San Ramon Valley Unified,07618040736504,High Schools (Public),False,457.0,439.0,96.1,307.0,69.9,,,,,,,,2036.0,116.0,0.0569744597249508,2655.1,2614.3,78.47,46.03
HERITAGE HIGH SCHOOL,2025,158.0,112.0,54.0,0.7088607594936709,0.48214285714285715,Brentwood,Contra Costa,Liberty Union High,07617210107797,High Schools (Public),False,590.0,568.0,96.3,364.0,64.1,,,,,,,,2566.0,499.0,0.1944660950896336,2631.1,2593.6,71.18,39.06
PIEDMONT HIGH SCHOOL,2025,148.0,107.0,41.0,0.722972972972973,0.38317757009345793,Piedmont,Alameda,Piedmont City Unified,01612750136515,High Schools (Public),False,207.0,203.0,98.1,189.0,93.1,,,,,,,,733.0,26.0,0.0354706684856753,2706.8,2718.7,93.16,79.26
PROSPECT HIGH SCHOOL,2025,129.0,104.0,46.0,0.8062015503875969,0.4423076923076923,Saratoga,Santa Clara,Campbell Union High,43694014336137,High Schools (Public),False,360.0,351.0,97.5,226.0,64.4,,,,,,,,1460.0,719.0,0.4924657534246575,2627.5,2609.7,63.99,46.39
TERRA LINDA HIGH SCHOOL,2025,135.0,104.0,42.0,0.7703703703703704,0.40384615384615385,San Rafael,Marin,San Rafael City High,21654662134005,High Schools (Public),False,327.0,305.0,93.3,210.0,68.9,,,,,,,,1248.0,617.0,0.4943910256410256,2623.7,2588.5,70.85,38.83
RUTH ASAWA SCHOOL OF THE ARTS,2025,128.0,102.0,53.0,0.796875,0.5196078431372549,San Francisco,San Francisco,San Francisco Unified,38684783830387,Alternative Schools of Choice,False,181.0,175.0,96.7,153.0,87.4,,,,,,,,680.0,151.0,0.2220588235294117,2674.1,2647.8,83.78,59.42
OAKLAND HIGH SCHOOL,2025,125.0,100.0,53.0,0.8,0.53,Oakland,Alameda,Oakland Unified,01612590135905,High Schools (Public),False,372.0,301.0,80.9,201.0,66.8,,,,,,,,1579.0,1425.0,0.902469917669411,2536.5,2510.4,38.2,16.82
INDEPENDENCE HIGH SCHOOL,2025,132.0,99.0,37.0,0.75,0.37373737373737376,San Francisco,San Francisco,San Francisco Unified,38684783830197,Alternative Schools of Choice,False,133.0,113.0,85.0,37.0,32.7,,,,,,,,235.0,133.0,0.5659574468085107,2601.3,2565.4,60.13,32.81
PITTSBURG HIGH SCHOOL,2025,135.0,99.0,45.0,0.7333333333333333,0.45454545454545453,Pittsburg,Contra Costa,Pittsburg Unified,07617880735407,High Schools (Public),False,841.0,737.0,87.6,289.0,39.2,,,,,,,,3403.0,2697.0,0.7925359976491331,2516.5,2483.6,30.9,9.84
YERBA BUENA HIGH SCHOOL,2025,118.0,98.0,43.0,0.8305084745762712,0.4387755102040816,San Jose,Santa Clara,East Side Union High,43694274330015,High Schools (Public),False,437.0,413.0,94.5,224.0,54.2,,,,,,,,1612.0,998.0,0.6191066997518611,2580.9,2535.6,55.09,27.0
JOHN F KENNEDY HIGH SCHOOL,2025,123.0,97.0,45.0,0.7886178861788617,0.4639175257731959,Fremont,Alameda,Fremont Unified,01611760134452,High Schools (Public),False,337.0,302.0,89.6,164.0,54.3,,,,,,,,1273.0,671.0,0.5271013354281225,2571.2,2557.1,50.0,31.38
MISSION SENIOR HIGH SCHOOL,2025,100.0,97.0,48.0,0.97,0.4948453608247423,San Francisco,San Francisco,San Francisco Unified,38684783834082,High Schools (Public),False,268.0,208.0,77.6,130.0,62.5,,,,,,,,993.0,621.0,0.6253776435045317,2438.8,2434.8,15.92,4.46
ANN SOBRATO HIGH SCHOOL,2025,134.0,97.0,47.0,0.7238805970149254,0.4845360824742268,Morgan Hill,Santa Clara,Morgan Hill Unified,43695830102368,High Schools (Public),False,376.0,369.0,98.1,248.0,67.2,,,,,,,,1511.0,458.0,0.3031105228325612,2606.5,2582.1,61.76,40.96
ARCHIE WILLIAMS HIGH SCHOOL,2025,135.0,97.0,39.0,0.7185185185185186,0.4020618556701031,San Anselmo,Marin,Tamalpais Union High,21654822131340,High Schools (Public),False,294.0,282.0,95.9,221.0,78.4,,,,,,,,1141.0,118.0,0.1034180543382997,2612.1,2591.3,62.6,42.63
SKYLINE HIGH SCHOOL,2025,121.0,97.0,52.0,0.8016528925619835,0.5360824742268041,Oakland,Alameda,Oakland Unified,01612590137943,High Schools (Public),False,314.0,272.0,86.6,193.0,71.0,,,,,,,,1250.0,950.0,0.76,2566.2,2540.4,45.06,22.58
WILLOW GLEN HIGH SCHOOL,2025,129.0,96.0,46.0,0.7441860465116279,0.4791666666666667,San Jose,Santa Clara,San Jose Unified,43696664338950,High Schools (Public),False,375.0,351.0,93.6,184.0,52.4,,,,,,,,1543.0,599.0,0.3882047958522359,2588.7,2564.7,55.85,32.18
ARROYO HIGH SCHOOL,2025,107.0,91.0,48.0,0.8504672897196262,0.5274725274725275,San Lorenzo,Alameda,San Lorenzo Unified,01613090130849,High Schools (Public),False,373.0,342.0,91.7,163.0,47.7,,,,,,,,1499.0,968.0,0.6457638425617078,2576.6,2546.6,52.77,30.26
MOUNT EDEN HIGH SCHOOL,2025,97.0,82.0,28.0,0.845360824742268,0.34146341463414637,Hayward,Alameda,Hayward Unified,01611920135319,High Schools (Public),False,417.0,365.0,87.5,160.0,43.8,,,,,,,,1865.0,1399.0,0.7501340482573726,2575.9,2521.6,49.46,21.59
LIVERMORE HIGH SCHOOL,2025,102.0,81.0,44.0,0.7941176470588235,0.5432098765432098,Livermore,Alameda,Livermore Valley Joint Unified,01612000134536,High Schools (Public),False,441.0,427.0,96.8,211.0,49.4,,,,,,,,1827.0,429.0,0.2348111658456486,2598.2,2563.9,57.84,36.31
SAN MARIN HIGH SCHOOL,2025,116.0,79.0,31.0,0.6810344827586207,0.3924050632911392,Novato,Marin,Novato Unified,21654172133056,High Schools (Public),False,301.0,295.0,98.0,199.0,67.5,,,,,,,,1250.0,446.0,0.3568,2617.7,2581.8,65.58,40.0
KIPP KING COLLEGIATE HIGH SCH,2025,102.0,79.0,28.0,0.7745098039215687,0.35443037974683544,San Lorenzo,Alameda,San Lorenzo Unified,01613090114421,High Schools (Public),True,160.0,157.0,98.1,157.0,100.0,,,,,,,,662.0,485.0,0.7326283987915407,2670.6,2593.8,80.77,39.49
DESIGN TECH HIGH SCHOOL,2025,94.0,76.0,24.0,0.8085106382978723,0.3157894736842105,Redwood City,San Mateo,San Mateo Union High,41690470129759,High Schools (Public),True,137.0,128.0,93.4,125.0,97.7,,,,,,,,567.0,41.0,0.0723104056437389,2674.7,2667.7,83.33,64.57
NOVATO HIGH SCHOOL,2025,103.0,75.0,32.0,0.7281553398058253,0.4266666666666667,Novato,Marin,Novato Unified,21654172132272,High Schools (Public),False,351.0,328.0,93.4,182.0,55.5,,,,,,,,1287.0,622.0,0.4832944832944832,2583.5,2548.4,55.85,24.19
WESTMOOR HIGH SCHOOL,2025,94.0,72.0,43.0,0.7659574468085106,0.5972222222222222,Daly City,San Mateo,Jefferson Union High,41689244137790,High Schools (Public),False,333.0,310.0,93.1,146.0,47.1,,,,,,,,1278.0,522.0,0.4084507042253521,2620.9,2576.1,65.59,35.05
PHILLIP & SALA BURTON ACAD HS,2025,93.0,71.0,47.0,0.7634408602150538,0.6619718309859155,San Francisco,San Francisco,San Francisco Unified,38684783830254,High Schools (Public),False,232.0,212.0,91.4,151.0,71.2,,,,,,,,1047.0,709.0,0.6771728748806113,2613.5,2547.6,63.39,30.28
LIBERTY HIGH SCHOOL,2025,110.0,71.0,23.0,0.6454545454545455,0.323943661971831,Brentwood,Contra Costa,Liberty Union High,07617210733980,High Schools (Public),False,623.0,594.0,95.3,311.0,52.4,,,,,,,,2836.0,1012.0,0.3568406205923836,2609.9,2553.9,63.77,27.41
MARIA CARRILLO HIGH SCHOOL,2025,101.0,70.0,30.0,0.693069306930693,0.42857142857142855,Santa Rosa,Sonoma,Santa Rosa High,49709204930244,High Schools (Public),False,376.0,357.0,94.9,211.0,59.1,,,,,,,,1584.0,555.0,0.3503787878787879,2639.9,2606.0,73.73,46.26
KIPP SAN JOSE COLLEGIATE,2025,87.0,70.0,13.0,0.8045977011494253,0.18571428571428572,San Jose,Santa Clara,East Side Union High,43694270116889,High Schools (Public),True,110.0,107.0,97.3,107.0,100.0,,,,,,,,512.0,363.0,0.708984375,2656.0,2652.0,76.19,56.6
ENCINAL HIGH SCHOOL,2025,91.0,70.0,33.0,0.7692307692307693,0.4714285714285714,Alameda,Alameda,,,,,,,,,,,,,,,,,,,,,,,
NEWARK MEMORIAL HIGH SCHOOL,2025,88.0,68.0,35.0,0.7727272727272727,0.5147058823529411,Newark,Alameda,Newark Unified,01612340130054,High Schools (Public),False,354.0,332.0,93.8,134.0,40.4,,,,,,,,1367.0,532.0,0.3891733723482077,2591.1,2543.2,56.94,25.14
BENICIA HIGH SCHOOL,2025,93.0,68.0,37.0,0.7311827956989247,0.5441176470588235,Benicia,Solano,Benicia Unified,48705244831004,High Schools (Public),False,311.0,301.0,96.8,176.0,58.5,,,,,,,,1335.0,322.0,0.2411985018726591,2610.6,2593.7,63.37,44.15
AMERICAN CANYON HIGH SCHOOL,2025,95.0,67.0,29.0,0.7052631578947368,0.43283582089552236,American Canyon,Napa,Napa Valley Unified,28662660121087,High Schools (Public),False,386.0,369.0,95.6,201.0,54.5,,,,,,,,1720.0,968.0,0.5627906976744186,2606.0,2543.5,60.62,23.04
FREEDOM HIGH SCHOOL,2025,86.0,66.0,30.0,0.7674418604651163,0.45454545454545453,Oakley,Contra Costa,Liberty Union High,07617210730457,High Schools (Public),False,588.0,567.0,96.4,295.0,52.0,,,,,,,,2460.0,967.0,0.3930894308943089,2581.8,2517.6,53.65,14.54
SAN RAFAEL HIGH SCHOOL,2025,81.0,65.0,32.0,0.8024691358024691,0.49230769230769234,San Rafael,Marin,San Rafael City High,21654662133262,High Schools (Public),False,312.0,247.0,79.2,135.0,54.7,,,,,,,,1332.0,962.0,0.7222222222222222,2577.5,2542.5,55.6,26.05
MAKING WAVES ACADEMY,2025,68.0,63.0,21.0,0.9264705882352942,0.3333333333333333,Richmond,Contra Costa,Contra Costa County Office of Education,07100740114470,K-12 Schools (Public),True,143.0,134.0,93.7,134.0,100.0,,,,,,,,1078.0,861.0,0.7987012987012987,2619.2,2538.2,67.57,21.62
PINOLE VALLEY HIGH SCHOOL,2025,75.0,63.0,29.0,0.84,0.4603174603174603,Pinole,Contra Costa,West Contra Costa Unified,07617960735316,High Schools (Public),False,306.0,267.0,87.3,142.0,53.2,,,,,,,,1245.0,770.0,0.6184738955823293,2586.9,2539.0,57.26,19.91
UNIVERSITY PREP ACADEMY,2025,83.0,62.0,28.0,0.7469879518072289,0.45161290322580644,San Jose,Santa Clara,Santa Clara County Office of Education,43104390113431,High Schools (Public),True,115.0,115.0,100.0,115.0,100.0,,,,,,,,727.0,202.0,0.2778541953232462,2667.7,2641.9,78.63,57.76
HALF MOON BAY HIGH SCHOOL,2025,75.0,61.0,28.0,0.8133333333333334,0.45901639344262296,Half Moon Bay,San Mateo,Cabrillo Unified,41688904132817,High Schools (Public),False,222.0,214.0,96.4,77.0,36.0,,,,,,,,911.0,234.0,0.256860592755214,2567.3,2534.5,47.73,30.66
VACAVILLE HIGH SCHOOL,2025,79.0,61.0,32.0,0.7721518987341772,0.5245901639344263,Vacaville,Solano,Vacaville Unified,48705734837803,High Schools (Public),False,525.0,492.0,93.7,296.0,60.2,,,,,,,,2044.0,928.0,0.4540117416829745,2570.6,2543.1,50.32,24.09
PETALUMA HIGH SCHOOL,2025,77.0,60.0,28.0,0.7792207792207793,0.4666666666666667,Petaluma,Sonoma,Petaluma Joint Union High,49708624935151,High Schools (Public),False,292.0,277.0,94.9,152.0,54.9,,,,,,,,1193.0,488.0,0.4090528080469405,2583.5,2560.0,55.84,28.25
WINDSOR HIGH SCHOOL,2025,82.0,59.0,26.0,0.7195121951219512,0.4406779661016949,Windsor,Sonoma,Windsor Unified,49753584930228,High Schools (Public),False,417.0,399.0,95.7,159.0,39.8,,,,,,,,1700.0,822.0,0.4835294117647059,2598.3,2542.2,59.57,22.17
RICHMOND HIGH SCHOOL,2025,69.0,58.0,25.0,0.8405797101449275,0.43103448275862066,Richmond,Contra Costa,West Contra Costa Unified,07617960735902,High Schools (Public),False,373.0,282.0,75.6,89.0,31.6,,,,,,,,1280.0,1239.0,0.96796875,2493.7,2450.7,26.95,6.73
EL CAMINO HIGH,2025,86.0,57.0,29.0,0.6627906976744186,0.5087719298245614,South San Francisco,San Mateo,South San Francisco Unified,41690704132551,High Schools (Public),False,271.0,264.0,97.4,179.0,67.8,,,,,,,,1053.0,264.0,0.2507122507122507,2637.5,2590.0,72.9,37.74
VINTAGE HIGH SCHOOL,2025,72.0,55.0,23.0,0.7638888888888888,0.41818181818181815,Napa,Napa,Napa Valley Unified,28662662830016,High Schools (Public),False,386.0,374.0,96.9,184.0,49.2,,,,,,,,1622.0,937.0,0.5776818742293465,2581.0,2536.4,54.5,22.05
CASA GRANDE HIGH SCHOOL,2025,69.0,54.0,27.0,0.782608695652174,0.5,Petaluma,Sonoma,Petaluma Joint Union High,49708624930012,High Schools (Public),False,389.0,361.0,92.8,186.0,51.5,,,,,,,,1653.0,803.0,0.4857834240774349,2601.9,2550.6,61.52,25.67
SUMMIT PUBLIC SCHOOL-TAHOMA,2025,55.0,53.0,21.0,0.9636363636363636,0.39622641509433965,San Jose,Santa Clara,Santa Clara County Office of Education,43104390123794,High Schools (Public),True,101.0,98.0,97.0,97.0,99.0,,,,,,,,383.0,111.0,0.2898172323759791,2651.7,2623.8,74.49,48.98
OCEANA HIGH SCHOOL,2025,64.0,53.0,30.0,0.828125,0.5660377358490566,Pacifica,San Mateo,Jefferson Union High,41689244135075,Alternative Schools of Choice,False,141.0,130.0,92.2,104.0,80.0,,,,,,,,471.0,88.0,0.1868365180467091,2630.8,2594.8,71.57,40.0
OAK GROVE HIGH SCHOOL,2025,70.0,53.0,23.0,0.7571428571428571,0.4339622641509434,San Jose,Santa Clara,East Side Union High,43694274335204,High Schools (Public),False,323.0,285.0,88.2,134.0,47.0,,,,,,,,1374.0,772.0,0.5618631732168851,2588.4,2539.1,55.27,23.51
VANDEN HIGH SCHOOL,2025,80.0,52.0,30.0,0.65,0.5769230769230769,Fairfield,Solano,Travis Unified,48705654838801,High Schools (Public),False,425.0,423.0,99.5,208.0,49.2,,,,,,,,1631.0,670.0,0.410790925812385,2591.0,2558.8,55.9,27.87
SONOMA VALLEY HIGH SCHOOL,2025,59.0,52.0,26.0,0.8813559322033898,0.5,Sonoma,Sonoma,Sonoma Valley Unified,49709534937256,High Schools (Public),False,265.0,246.0,92.8,136.0,55.3,,,,,,,,1071.0,351.0,0.3277310924369748,2601.0,2525.0,60.16,19.76
MIDDLE COLLEGE HIGH SCHOOL,2025,63.0,51.0,29.0,0.8095238095238095,0.5686274509803921,San Pablo,Contra Costa,West Contra Costa Unified,07617960730291,High Schools (Public),False,72.0,72.0,100.0,72.0,100.0,,,,,,,,294.0,191.0,0.6496598639455783,2689.6,2638.0,91.67,52.78
GATEWAY HIGH SCHOOL,2025,69.0,50.0,20.0,0.7246376811594203,0.4,San Francisco,San Francisco,San Francisco Unified,38684783830437,High Schools (Public),True,118.0,117.0,99.2,116.0,99.1,,,,,,,,464.0,244.0,0.5258620689655172,2629.2,2551.6,69.67,27.27
CHRISTOPHER HIGH SCHOOL,2025,70.0,50.0,31.0,0.7142857142857143,0.62,Gilroy,Santa Clara,Gilroy Unified,43694840118380,High Schools (Public),False,382.0,354.0,92.7,196.0,55.4,,,,,,,,1630.0,619.0,0.3797546012269938,2607.7,2563.1,61.16,30.71
HERCULES HIGH SCHOOL,2025,76.0,49.0,22.0,0.6447368421052632,0.4489795918367347,Hercules,Contra Costa,West Contra Costa Unified,07617960730598,High Schools (Public),False,165.0,157.0,95.2,119.0,75.8,,,,,,,,767.0,320.0,0.4172099087353325,2622.2,2568.3,70.91,25.9
AIMS COLLEGE PREP HIGH SCHOOL,2025,58.0,48.0,20.0,0.8275862068965517,0.4166666666666667,Oakland,Alameda,,01612596113807,,,,,,,,,,,,,,,200.0,155.0,0.775,,,,
LIVE OAK HIGH SCHOOL,2025,58.0,48.0,22.0,0.8275862068965517,0.4583333333333333,Morgan Hill,Santa Clara,Morgan Hill Unified,43695834333951,High Schools (Public),False,268.0,256.0,95.5,126.0,49.2,,,,,,,,1101.0,462.0,0.4196185286103542,2551.4,2522.4,44.11,19.39
SUMMIT PUBLIC SCHOOLS SHASTA,2025,64.0,47.0,23.0,0.734375,0.48936170212765956,Daly City,San Mateo,Jefferson Union High,41689240127548,High Schools (Public),True,111.0,110.0,99.1,110.0,100.0,,,,,,,,458.0,150.0,0.3275109170305676,2648.6,2611.0,75.23,44.76
JEFFERSON HIGH SCHOOL,2025,61.0,46.0,16.0,0.7540983606557377,0.34782608695652173,Daly City,San Mateo,Jefferson Union High,41689244133393,High Schools (Public),False,267.0,253.0,94.8,167.0,66.0,,,,,,,,1072.0,441.0,0.4113805970149253,2550.5,2503.1,44.22,15.56
LEADERSHIP PUBLIC SCH HAYWARD,2025,58.0,45.0,21.0,0.7758620689655172,0.4666666666666667,Hayward,Alameda,Hayward Unified,01611920108670,High Schools (Public),True,140.0,132.0,94.3,127.0,96.2,,,,,,,,573.0,300.0,0.5235602094240838,2602.4,2564.5,59.4,31.34
RAOUL WALLENBERG TRADITIONAL,2025,56.0,43.0,28.0,0.7678571428571429,0.6511627906976745,San Francisco,San Francisco,San Francisco Unified,38684783830205,High Schools (Public),False,127.0,107.0,84.3,70.0,65.4,,,,,,,,522.0,265.0,0.5076628352490421,2574.2,2574.8,49.54,42.06
WILL C WOOD HIGH SCHOOL,2025,56.0,43.0,19.0,0.7678571428571429,0.4418604651162791,Vacaville,Solano,Vacaville Unified,48705734830089,High Schools (Public),False,420.0,387.0,92.1,189.0,48.8,,,,,,,,1671.0,966.0,0.578096947935368,2582.1,2514.6,53.76,18.03
HEALDSBURG HIGH SCHOOL,2025,56.0,43.0,19.0,0.7678571428571429,0.4418604651162791,Healdsburg,Sonoma,Healdsburg Unified,49753904932554,High Schools (Public),False,132.0,130.0,98.5,88.0,67.7,,,,,,,,503.0,284.0,0.5646123260437376,2629.3,2583.5,69.05,32.28
DR TJ OWENS GILROY EARLY COLG,2025,55.0,43.0,28.0,0.7818181818181819,0.6511627906976745,Gilroy,Santa Clara,Gilroy Unified,43694840114496,High Schools (Public),False,69.0,69.0,100.0,67.0,97.1,,,,,,,,304.0,121.0,0.3980263157894737,2730.9,2718.7,98.57,82.86
COLISEUM COLLEGE PREP ACADEMY,2025,43.0,43.0,15.0,1.0,0.3488372093023256,Oakland,Alameda,Oakland Unified,01612590112797,K-12 Schools (Public),False,68.0,63.0,92.6,58.0,92.1,,,,,,,,861.0,850.0,0.9872241579558652,2584.1,2519.8,56.25,9.38
HAYWARD HIGH SCHOOL,2025,55.0,43.0,19.0,0.7818181818181819,0.4418604651162791,Hayward,Alameda,Hayward Unified,01611920133629,High Schools (Public),False,341.0,290.0,85.0,99.0,34.1,,,,,,,,1580.0,1186.0,0.7506329113924051,2549.2,2500.7,45.17,16.04
WILLIAM C OVERFELT HIGH SCHOOL,2025,52.0,42.0,14.0,0.8076923076923077,0.3333333333333333,San Jose,Santa Clara,East Side Union High,43694274335428,High Schools (Public),False,329.0,281.0,85.4,108.0,38.4,,,,,,,,1363.0,854.0,0.6265590608950844,2527.2,2474.0,32.53,8.93
CAPUCHINO HIGH SCHOOL,2025,54.0,41.0,18.0,0.7592592592592593,0.43902439024390244,San Bruno,San Mateo,San Mateo Union High,41690474130738,High Schools (Public),False,247.0,234.0,94.7,119.0,50.9,,,,,,,,1061.0,363.0,0.3421300659754948,2574.1,2526.6,53.28,21.46
DE ANZA HIGH SCHOOL,2025,57.0,41.0,19.0,0.7192982456140351,0.4634146341463415,Richmond,Contra Costa,West Contra Costa Unified,07617960732164,High Schools (Public),False,292.0,249.0,85.3,91.0,36.5,,,,,,,,1047.0,901.0,0.8605539637058262,2498.4,2460.5,27.06,8.27
ANALY HIGH SCHOOL,2025,63.0,41.0,17.0,0.6507936507936508,0.4146341463414634,Sebastopol,Sonoma,West Sonoma County Union High,49706074930400,High Schools (Public),False,333.0,318.0,95.5,181.0,56.9,,,,,,,,1473.0,603.0,0.4093686354378819,2601.6,2567.6,60.82,26.71
KIPP SAN FRANCISCO COLG PREP,2025,42.0,40.0,8.0,0.9523809523809523,0.2,San Francisco,San Francisco,San Francisco Unified,38684780127530,High Schools (Public),True,68.0,62.0,91.2,62.0,100.0,,,,,,,,196.0,175.0,0.8928571428571429,2589.4,2514.3,57.58,13.64
SANTA ROSA HIGH SCHOOL,2025,53.0,39.0,21.0,0.7358490566037735,0.5384615384615384,Santa Rosa,Sonoma,Santa Rosa High,49709204936803,High Schools (Public),False,352.0,325.0,92.3,139.0,42.8,,,,,,,,1553.0,906.0,0.583386992916935,2587.7,2542.8,55.59,24.14
ANDREW P HILL HIGH SCHOOL,2025,49.0,39.0,16.0,0.7959183673469388,0.41025641025641024,San Jose,Santa Clara,East Side Union High,43694274332995,High Schools (Public),False,355.0,296.0,83.4,100.0,33.8,,,,,,,,1564.0,1057.0,0.6758312020460358,2563.6,2508.7,45.25,17.46
ALAMEDA SCIENCE & TECHNICAL INST,2025,46.0,38.0,24.0,0.8260869565217391,0.631578947368421,Alameda,Alameda,Alameda Unified,01611190106401,Alternative Schools of Choice,False,47.0,46.0,97.9,42.0,91.3,,,,,,,,211.0,96.0,0.4549763033175355,2708.3,2698.2,100.0,76.09
NAPA HIGH SCHOOL,2025,54.0,38.0,14.0,0.7037037037037037,0.3684210526315789,Napa,Napa,Napa Valley Unified,28662662835601,High Schools (Public),False,389.0,357.0,91.8,122.0,34.2,,,,,,,,1642.0,1222.0,0.7442143727161997,2535.8,2495.0,38.38,12.07
DEL MAR HIGH SCHOOL,2025,50.0,38.0,12.0,0.76,0.3157894736842105,San Jose,Santa Clara,Campbell Union High,43694014331955,High Schools (Public),False,336.0,304.0,90.5,180.0,59.2,,,,,,,,1350.0,940.0,0.6962962962962963,2579.8,2502.7,54.7,16.84
DOWNTOWN COLG PREP EL PRIMERO,2025,47.0,38.0,8.0,0.8085106382978723,0.21052631578947367,San Jose,Santa Clara,,43696660129718,,,,,,,,,,,,,,,231.0,188.0,0.8138528138528138,,,,
GILROY HIGH SCHOOL,2025,52.0,38.0,18.0,0.7307692307692307,0.47368421052631576,Gilroy,Santa Clara,Gilroy Unified,43694844332839,High Schools (Public),False,353.0,328.0,92.9,169.0,51.5,,,,,,,,1618.0,828.0,0.511742892459827,2579.5,2516.4,55.43,19.39
MONTGOMERY HIGH SCHOOL,2025,53.0,37.0,13.0,0.6981132075471698,0.35135135135135137,Santa Rosa,Sonoma,Santa Rosa High,49709204934154,High Schools (Public),False,323.0,292.0,90.4,142.0,48.6,,,,,,,,1253.0,622.0,0.4964086193136472,2548.4,2534.5,43.16,25.0
OAKLAND CHARTER HIGH SCHOOL,2025,40.0,36.0,21.0,0.9,0.5833333333333334,Oakland,Alameda,,01612590114868,,,76.0,70.0,92.1,64.0,91.4,,,,,,,,330.0,276.0,0.8363636363636363,2601.5,2541.4,58.14,24.42
SUMMIT PUBLIC SCHOOL TAMALPAIS,2025,46.0,36.0,13.0,0.782608695652174,0.3611111111111111,San Pablo,Contra Costa,,,,,,,,,,,,,,,,,,,,,,,
TERRA NOVA HIGH SCHOOL,2025,48.0,36.0,13.0,0.75,0.3611111111111111,Pacifica,San Mateo,Jefferson Union High,41689244137535,High Schools (Public),False,171.0,163.0,95.3,103.0,63.2,,,,,,,,740.0,110.0,0.1486486486486486,2589.5,2584.5,54.07,40.94
SOUTH SAN FRANCISCO HS,2025,56.0,36.0,18.0,0.6428571428571429,0.5,South San Francisco,San Mateo,South San Francisco Unified,41690704137279,High Schools (Public),False,310.0,286.0,92.3,117.0,40.9,,,,,,,,1239.0,518.0,0.4180790960451977,2593.0,2542.1,60.59,23.66
OAKLAND SCHOOL FOR THE ARTS,2025,53.0,35.0,16.0,0.660377358490566,0.45714285714285713,Oakland,Alameda,Oakland Unified,01612593030772,K-12 Schools (Public),True,114.0,105.0,92.1,84.0,80.0,,,,,,,,828.0,238.0,0.28743961352657,2690.2,2598.1,85.0,49.0
ARMIJO HIGH SCHOOL,2025,47.0,35.0,20.0,0.7446808510638298,0.5714285714285714,Fairfield,Solano,Fairfield-Suisun Unified,48705404830451,High Schools (Public),False,467.0,403.0,86.3,136.0,33.7,,,,,,,,1844.0,1499.0,0.8129067245119306,2526.2,2497.5,33.63,12.22
MOUNT PLEASANT HIGH SCHOOL,2025,39.0,35.0,14.0,0.8974358974358975,0.4,San Jose,Santa Clara,East Side Union High,43694274334900,High Schools (Public),False,278.0,243.0,87.4,89.0,36.6,,,,,,,,998.0,624.0,0.625250501002004,2572.8,2506.8,46.49,17.62
LEADERSHIP PUBLIC SCH RICHMOND,2025,45.0,34.0,8.0,0.7555555555555555,0.23529411764705882,Richmond,Contra Costa,West Contra Costa Unified,07617960101477,High Schools (Public),True,130.0,122.0,93.8,115.0,94.3,,,,,,,,546.0,357.0,0.6538461538461539,2581.4,2542.5,55.47,22.22
KIPP NAVIGATE COLLEGE PREP,2025,40.0,34.0,3.0,0.85,0.08823529411764706,San Jose,Santa Clara,East Side Union High,43694270137315,High Schools (Public),True,,,,,,,,,,,,,,,,,,,
SUMMIT PREPARATORY CHARTER HIG,2025,42.0,34.0,14.0,0.8095238095238095,0.4117647058823529,Redwood City,San Mateo,Sequoia Union High,41690620112722,High Schools (Public),True,101.0,95.0,94.1,95.0,100.0,,,,,,,,293.0,210.0,0.7167235494880546,2605.4,2528.2,63.64,25.51
ALHAMBRA HIGH SCHOOL,2025,41.0,34.0,11.0,0.8292682926829268,0.3235294117647059,Martinez,Contra Costa,Martinez Unified,07617390730549,High Schools (Public),False,241.0,234.0,97.1,117.0,50.0,,,,,,,,1028.0,316.0,0.3073929961089494,2580.1,2556.7,53.95,29.2
RANCHO COTATE HIGH SCHOOL,2025,46.0,34.0,14.0,0.7391304347826086,0.4117647058823529,Rohnert Park,Sonoma,Cotati-Rohnert Park Unified,49738824935482,High Schools (Public),False,429.0,394.0,91.8,144.0,36.5,,,,,,,,1755.0,826.0,0.4706552706552706,2561.2,2507.2,43.78,11.51
DEER VALLEY HIGH SCHOOL,2025,43.0,32.0,14.0,0.7441860465116279,0.4375,Antioch,Contra Costa,Antioch Unified,07616480730465,High Schools (Public),False,375.0,322.0,85.9,77.0,23.9,,,,,,,,1812.0,1496.0,0.82560706401766,2557.3,2494.3,47.57,12.67
DOZIER-LIBBEY MEDICAL HIGH SCH,2025,50.0,31.0,17.0,0.62,0.5483870967741935,Antioch,Contra Costa,Antioch Unified,07616480117218,Alternative Schools of Choice,False,152.0,150.0,98.7,67.0,44.7,,,,,,,,681.0,549.0,0.8061674008810573,2663.1,2569.7,82.91,34.62
JESSE M BETHEL HIGH SCHOOL,2025,47.0,31.0,18.0,0.6595744680851063,0.5806451612903226,Vallejo,Solano,Vallejo City Unified,48705814830147,High Schools (Public),False,364.0,321.0,88.2,125.0,38.9,,,,,,,,1418.0,1097.0,0.7736248236953456,2493.9,2486.1,25.85,13.31
HENRY T GUNDERSON HIGH SCHOOL,2025,45.0,31.0,13.0,0.6888888888888889,0.41935483870967744,San Jose,Santa Clara,San Jose Unified,43696664330080,High Schools (Public),False,204.0,187.0,91.7,89.0,47.6,,,,,,,,744.0,406.0,0.5456989247311828,2569.1,2525.3,49.14,16.76
ANTIOCH HIGH SCHOOL,2025,43.0,30.0,11.0,0.6976744186046512,0.36666666666666664,Antioch,Contra Costa,Antioch Unified,07616480730861,High Schools (Public),False,386.0,330.0,85.5,77.0,23.3,,,,,,,,1776.0,1602.0,0.902027027027027,2531.2,2477.6,33.33,8.86
SAN LORENZO HIGH SCHOOL,2025,44.0,30.0,17.0,0.6818181818181818,0.5666666666666667,San Lorenzo,Alameda,San Lorenzo Unified,01613090137810,High Schools (Public),False,316.0,253.0,80.1,87.0,34.4,,,,,,,,1029.0,839.0,0.815354713313897,2499.4,2476.1,21.46,7.5
SAN FRANCISCO INTERNATIONAL HS,2025,30.0,28.0,21.0,0.9333333333333333,0.75,San Francisco,San Francisco,,,,,,,,,,,,,,,,,,,,,,,
OAKLAND UNITY HIGH SCHOOL,2025,29.0,28.0,5.0,0.9655172413793104,0.17857142857142858,Oakland,Alameda,Oakland Unified,01612590100065,High Schools (Public),True,84.0,77.0,91.7,77.0,100.0,,,,,,,,295.0,215.0,0.7288135593220338,2633.3,2579.1,78.05,37.35
YGNACIO VALLEY HIGH SCHOOL,2025,43.0,28.0,9.0,0.6511627906976745,0.32142857142857145,Concord,Contra Costa,Mt. Diablo Unified,07617540737809,High Schools (Public),False,250.0,225.0,90.0,50.0,22.2,,,,,,,,1059.0,863.0,0.8149197355996223,2535.0,2468.7,39.06,8.05
MISSION EARLY COLLEGE HIGH SCH,2025,35.0,28.0,17.0,0.8,0.6071428571428571,Santa Clara,Santa Clara,Santa Clara Unified,43696740135970,Alternative Schools of Choice,False,58.0,58.0,100.0,56.0,96.6,,,,,,,,183.0,57.0,0.3114754098360656,2713.1,2669.7,93.22,59.32
LIGHTHOUSE COMMUNITY CHAR HS,2025,34.0,28.0,6.0,0.8235294117647058,0.21428571428571427,Oakland,Alameda,Oakland Unified,01612590108944,High Schools (Public),True,75.0,67.0,89.3,61.0,91.0,,,,,,,,281.0,261.0,0.9288256227758008,2539.9,2477.3,38.03,7.04
KIPP ESPERANZA HIGH SCHOOL,2025,32.0,28.0,9.0,0.875,0.32142857142857145,East Palo Alto,San Mateo,Sequoia Union High,41690620139915,High Schools (Public),True,67.0,60.0,89.6,60.0,100.0,,,,,,,,194.0,186.0,0.9587628865979382,2536.4,2526.8,42.86,20.97
LATINO COLLEGE PREP ACADEMY,2025,37.0,27.0,9.0,0.7297297297297297,0.3333333333333333,San Jose,Santa Clara,East Side Union High,43694274330668,High Schools (Public),True,106.0,105.0,99.1,63.0,60.0,,,,,,,,421.0,350.0,0.831353919239905,2558.3,2494.1,42.42,10.1
CONCORD HIGH SCHOOL,2025,41.0,27.0,16.0,0.6585365853658537,0.5925925925925926,Concord,Contra Costa,Mt. Diablo Unified,07617540731836,High Schools (Public),False,288.0,266.0,92.4,96.0,36.1,,,,,,,,1137.0,791.0,0.6956904133685137,2551.2,2505.5,44.9,16.6
DIXON HIGH SCHOOL,2025,46.0,27.0,10.0,0.5869565217391305,0.37037037037037035,Dixon,Solano,Dixon Unified,48705324832259,High Schools (Public),False,239.0,230.0,96.2,105.0,45.7,,,,,,,,990.0,571.0,0.5767676767676768,2578.7,2534.3,51.8,20.72
MOUNT DIABLO HIGH SCHOOL,2025,36.0,26.0,8.0,0.7222222222222222,0.3076923076923077,Concord,Contra Costa,Mt. Diablo Unified,07617540734566,High Schools (Public),False,318.0,282.0,88.7,69.0,24.5,,,,,,,,1397.0,1118.0,0.800286327845383,2523.0,2471.5,32.18,10.14
TECHNOLOGY HIGH SCHOOL,2025,34.0,25.0,11.0,0.7352941176470589,0.44,Rohnert Park,Sonoma,Cotati-Rohnert Park Unified,49738824930384,Alternative Schools of Choice,False,82.0,78.0,95.1,64.0,82.1,,,,,,,,343.0,71.0,0.2069970845481049,2694.0,2681.8,96.3,67.9
TENNYSON HIGH SCHOOL,2025,30.0,25.0,11.0,0.8333333333333334,0.44,Hayward,Alameda,Hayward Unified,01611920138339,High Schools (Public),False,390.0,264.0,67.7,78.0,29.5,,,,,,,,1511.0,1267.0,0.8385175380542687,2487.9,2460.1,25.16,6.61
IMPACT ACAD ARTS/TECHNOLOGY,2025,40.0,25.0,11.0,0.625,0.44,Hayward,Alameda,Hayward Unified,01611920137646,K-12 Schools (Public),True,91.0,88.0,96.7,88.0,100.0,,,,,,,,716.0,378.0,0.5279329608938548,2639.1,2528.1,78.41,19.32
EAST BAY INNOVATION ACADEMY,2025,30.0,24.0,14.0,0.8,0.5833333333333334,Oakland,Alameda,Oakland Unified,01612590129932,K-12 Schools (Public),True,51.0,51.0,100.0,47.0,92.2,,,,,,,,451.0,184.0,0.4079822616407982,2643.3,2615.5,74.47,41.67
PINER HIGH SCHOOL,2025,34.0,24.0,11.0,0.7058823529411765,0.4583333333333333,Santa Rosa,Sonoma,Santa Rosa High,49709204935292,High Schools (Public),False,346.0,318.0,91.9,90.0,28.3,,,,,,,,1434.0,923.0,0.6436541143654114,2559.0,2481.4,44.27,8.64
SUMMIT PUBLIC SCHOOL K2,2025,45.0,23.0,8.0,0.5111111111111111,0.34782608695652173,El Cerrito,Contra Costa,Contra Costa County Office of Education,07100740129684,High Schools (Public),True,85.0,75.0,88.2,74.0,98.7,,,,,,,,554.0,454.0,0.8194945848375451,2595.6,2500.9,58.75,12.5
CITY ARTS AND LEADERSHIP ACADEMY,2025,34.0,23.0,8.0,0.6764705882352942,0.34782608695652173,San Francisco,San Francisco,San Francisco Unified,38684780107300,High Schools (Public),True,118.0,113.0,95.8,113.0,100.0,,,,,,,,397.0,210.0,0.5289672544080605,2562.4,2470.1,49.11,9.91
ASPIRE RICHMOND CA COLG PREP,2025,31.0,23.0,9.0,0.7419354838709677,0.391304347826087,Richmond,Contra Costa,West Contra Costa Unified,07617960132100,K-12 Schools (Public),True,73.0,69.0,94.5,68.0,98.6,,,,,,,,590.0,503.0,0.8525423728813559,2589.8,2491.7,54.41,13.04
ASPIRE GOLDEN STATE COLLG PREP ACAD,2025,27.0,23.0,5.0,0.8518518518518519,0.21739130434782608,Oakland,Alameda,,,,,,,,,,,,,,,,,,,,,,,
CASTLEMONT HIGH SCHOOL,2025,26.0,22.0,5.0,0.8461538461538461,0.22727272727272727,Oakland,Alameda,Oakland Unified,01612590125161,High Schools (Public),False,227.0,146.0,64.3,51.0,34.9,,,,,,,,719.0,712.0,0.9902642559109874,2426.7,2465.0,8.2,6.4
FAIRFIELD HIGH SCHOOL,2025,32.0,22.0,8.0,0.6875,0.36363636363636365,Fairfield,Solano,Fairfield-Suisun Unified,48705404833000,High Schools (Public),False,412.0,366.0,88.8,73.0,19.9,,,,,,,,1605.0,1305.0,0.8130841121495327,2552.8,2479.5,41.53,10.03
CALISTOGA JUNIOR SENIOR HIGH SCHOOL,2025,25.0,22.0,5.0,0.88,0.22727272727272727,Calistoga,Napa,Calistoga Joint Unified,28662412831758,High Schools (Public),False,60.0,58.0,96.7,34.0,58.6,,,,,,,,355.0,313.0,0.8816901408450705,2603.2,2542.6,64.91,17.74
MADISON PARK ACADEMY,2025,23.0,20.0,4.0,0.8695652173913043,0.2,Oakland,Alameda,Oakland Unified,01612596066450,K-12 Schools (Public),False,95.0,83.0,87.4,66.0,79.5,,,,,,,,676.0,665.0,0.9837278106508875,2509.9,2443.6,29.67,8.7
ASPIRE LIONEL WILSON COLG PREP,2025,22.0,20.0,9.0,0.9090909090909091,0.45,Oakland,Alameda,Oakland Unified,01612590130666,K-12 Schools (Public),True,58.0,54.0,93.1,52.0,96.3,,,,,,,,392.0,340.0,0.8673469387755102,2611.2,2500.3,66.67,12.07
SAINT HELENA HIGH SCHOOL,2025,27.0,20.0,6.0,0.7407407407407407,0.3,Saint Helena,Napa,Saint Helena Unified,28662902837102,High Schools (Public),False,99.0,93.0,93.9,56.0,60.2,,,,,,,,416.0,153.0,0.3677884615384615,2639.3,2577.5,68.09,37.89
METWEST HIGH SCHOOL,2025,21.0,19.0,8.0,0.9047619047619048,0.42105263157894735,Oakland,Alameda,,01612590100701,,,,,,,,,,,,,,,,,,2499.1,2447.4,26.47,3.03
CREDO HIGH SCHOOL ARTS/LETTERS/SCI,2025,28.0,19.0,9.0,0.6785714285714286,0.47368421052631576,Rohnert Park,Sonoma,,,,,,,,,,,,,,,,,,,,,,,
LATITUDE 37.8 HS MERRITT COLLEGE,2025,30.0,19.0,8.0,0.6333333333333333,0.42105263157894735,Oakland,Alameda,,,,,,,,,,,,,,,,,,,,,,,
ALPHA CINDY AVITIA HIGH SCHOOL,2025,23.0,19.0,5.0,0.8260869565217391,0.2631578947368421,San Jose,Santa Clara,East Side Union High,43694270132274,High Schools (Public),True,104.0,86.0,82.7,82.0,95.3,,,,,,,,405.0,295.0,0.7283950617283951,2544.2,2507.8,35.56,12.22
EMERY SECONDARY SCHOOL,2025,21.0,18.0,8.0,0.8571428571428571,0.4444444444444444,Emeryville,Alameda,Emery Unified,01611680132746,High Schools (Public),False,46.0,44.0,95.7,5.0,11.4,,,,,,,,162.0,98.0,0.6049382716049383,2605.8,2504.7,64.44,13.64
TIDE ACADEMY,2025,26.0,18.0,6.0,0.6923076923076923,0.3333333333333333,Menlo Park,San Mateo,,,,,,,,,,,,,,,,,,,,,,,
ARISE HIGH SCHOOL,2025,23.0,18.0,5.0,0.782608695652174,0.2777777777777778,Oakland,Alameda,Oakland Unified,01612590115238,High Schools (Public),True,96.0,93.0,96.9,93.0,100.0,,,,,,,,396.0,303.0,0.7651515151515151,2581.7,2522.9,50.55,12.77
ROSELAND UNIVERSITY PREP,2025,21.0,17.0,12.0,0.8095238095238095,0.7058823529411765,Santa Rosa,Sonoma,,,,,,,,,,,,,,,,,,,,,,,
LIFE ACADEMY HIGH SCHOOL,2025,22.0,16.0,9.0,0.7272727272727273,0.5625,Oakland,Alameda,Oakland Unified,01612590130575,K-12 Schools (Public),False,64.0,58.0,90.6,56.0,96.6,,,,,,,,436.0,428.0,0.981651376146789,2594.6,2544.0,55.36,25.0
LODESTAR LIGHTHOUSE COMM CHARTER SC,2025,21.0,16.0,5.0,0.7619047619047619,0.3125,Oakland,Alameda,,,,,,,,,,,,,,,,,,,,,,,
BAY AREA TECHNOLOGY-BAYTECH,2025,19.0,16.0,8.0,0.8421052631578947,0.5,Oakland,Alameda,,01612590106906,,,51.0,49.0,96.1,48.0,98.0,,,,,,,,255.0,220.0,0.8627450980392157,2539.9,2488.6,39.62,7.27
JOHN SWETT HIGH SCHOOL,2025,17.0,15.0,5.0,0.8823529411764706,0.3333333333333333,Crockett,Contra Costa,John Swett Unified,07616970737023,High Schools (Public),False,75.0,68.0,90.7,39.0,57.4,,,,,,,,351.0,260.0,0.7407407407407407,2584.7,2535.0,53.52,28.17
TAMISCAL HIGH SCHOOL,2025,25.0,15.0,4.0,0.6,0.26666666666666666,Larkspur,Marin,Tamalpais Union High,21654822130078,Alternative Schools of Choice,False,68.0,64.0,94.1,45.0,70.3,,,,,,,,124.0,21.0,0.1693548387096774,2506.6,2512.0,26.09,13.64
JAMES LICK HIGH SCHOOL,2025,18.0,15.0,3.0,0.8333333333333334,0.2,San Jose,Santa Clara,East Side Union High,43694274333639,High Schools (Public),False,206.0,166.0,80.6,59.0,35.5,,,,,,,,862.0,567.0,0.6577726218097448,2566.5,2502.0,45.51,19.65
EAST PALO ALTO ACADEMY,2025,18.0,15.0,3.0,0.8333333333333334,0.2,East Palo Alto,San Mateo,Sequoia Union High,41690620126722,High Schools (Public),True,63.0,55.0,87.3,29.0,52.7,,,,,,,,278.0,176.0,0.6330935251798561,2548.5,2472.1,40.0,9.38
THURGOOD MARSHALL ACADEMIC HS,2025,21.0,15.0,5.0,0.7142857142857143,0.3333333333333333,San Francisco,San Francisco,San Francisco Unified,38684783830403,High Schools (Public),False,140.0,86.0,61.4,30.0,34.9,,,,,,,,475.0,375.0,0.7894736842105263,2440.9,2397.2,12.5,2.6
OAKLAND INTERNATIONAL HIGH SCH,2025,15.0,15.0,5.0,1.0,0.3333333333333333,Oakland,Alameda,Oakland Unified,01612590115667,Alternative Schools of Choice,False,130.0,60.0,46.2,41.0,68.3,,,,,,,,270.0,268.0,0.9925925925925926,2352.7,2383.6,0.0,0.0
MARE ISLAND TECHNOLOGY ACADEMY,2025,20.0,15.0,10.0,0.75,0.6666666666666666,Vallejo,Solano,Vallejo City Unified,48705814830196,High Schools (Public),True,102.0,96.0,94.1,77.0,80.2,,,,,,,,473.0,299.0,0.6321353065539113,2575.4,2507.0,55.77,17.31
ACE CHARTER HIGH SCHOOL,2025,21.0,15.0,5.0,0.7142857142857143,0.3333333333333333,San Jose,Santa Clara,East Side Union High,43694270125617,High Schools (Public),True,93.0,80.0,86.0,74.0,92.5,,,,,,,,313.0,281.0,0.8977635782747604,2527.9,2456.3,32.56,2.33
ELSIE ALLEN HIGH SCHOOL,2025,17.0,15.0,3.0,0.8823529411764706,0.2,Santa Rosa,Sonoma,Santa Rosa High,49709204930160,High Schools (Public),False,237.0,191.0,80.6,37.0,19.4,,,,,,,,1029.0,738.0,0.717201166180758,2498.9,2455.8,23.58,5.24
JOHN HENRY HIGH SCHOOL,2025,22.0,14.0,4.0,0.6363636363636364,0.2857142857142857,Richmond,Contra Costa,SBE - John Henry High,07773540132233,High Schools In 1 School Dist. (Public),True,80.0,63.0,78.8,52.0,82.5,,,,,,,,333.0,287.0,0.8618618618618619,2538.8,2497.2,41.1,14.86
VALLEJO HIGH SCHOOL,2025,21.0,14.0,6.0,0.6666666666666666,0.42857142857142855,Vallejo,Solano,Vallejo City Unified,48705814838504,High Schools (Public),False,319.0,230.0,72.1,50.0,21.7,,,,,,,,1146.0,966.0,0.8429319371727748,2506.0,2502.5,29.35,18.38
CLOVERDALE HIGH SCHOOL,2025,15.0,13.0,5.0,0.8666666666666667,0.38461538461538464,Cloverdale,Sonoma,Cloverdale Unified,49706564930855,High Schools (Public),False,87.0,84.0,96.6,32.0,38.1,,,,,,,,393.0,225.0,0.5725190839694656,2561.8,2505.6,45.98,16.28
OAKLAND MILITARY INST COL PREP,2025,26.0,13.0,9.0,0.5,0.6923076923076923,Oakland,Alameda,Oakland Unified,01612590130617,K-12 Schools (Public),True,59.0,54.0,91.5,30.0,55.6,,,,,,,,480.0,433.0,0.9020833333333332,2607.5,2505.1,62.5,12.5
SAN JOSE HIGH SCHOOL,2025,16.0,13.0,6.0,0.8125,0.46153846153846156,San Jose,Santa Clara,San Jose Unified,43696664337200,High Schools (Public),False,175.0,142.0,81.1,7.0,4.9,,,,,,,,874.0,611.0,0.6990846681922197,2534.5,2472.4,41.14,8.62
GRIFFIN ACADEMY HIGH SCHOOL,2025,21.0,12.0,5.0,0.5714285714285714,0.4166666666666667,Vallejo,Solano,Vallejo City Unified,48705810139816,High Schools (Public),True,69.0,59.0,85.5,5.0,8.5,,,,,,,,186.0,133.0,0.7150537634408602,2599.3,2519.9,57.14,19.64
ROBERTO CRUZ LEADERSHIP ACDMY,2025,16.0,12.0,3.0,0.75,0.25,San Jose,Santa Clara,East Side Union High,43694270131995,High Schools (Public),True,76.0,68.0,89.5,34.0,50.0,,,,,,,,261.0,230.0,0.8812260536398467,2506.7,2449.4,29.17,4.17
NEW TECHNOLOGY HIGH SCHOOL,2025,16.0,12.0,6.0,0.75,0.5,Napa,Napa,Napa Valley Unified,28662662830115,Alternative Schools of Choice,False,76.0,75.0,98.7,31.0,41.3,,,,,,,,365.0,235.0,0.6438356164383562,2583.0,2519.0,54.43,12.66
BUCKINGHAM COLLEGIATE CHARTER,2025,20.0,12.0,6.0,0.6,0.5,Vacaville,Solano,Vacaville Unified,48705734830113,High Schools (Public),True,98.0,97.0,99.0,63.0,64.9,,,,,,,,474.0,162.0,0.3417721518987341,2654.1,2572.4,77.67,32.67
ACADEMY-SAN FRAN @ MCATEER,2025,16.0,12.0,9.0,0.75,0.75,San Francisco,San Francisco,,,,,,,,,,,,,,,,,,,,,,,
INVICTUS ACADEMY OF RICHMOND,2025,16.0,11.0,6.0,0.6875,0.5454545454545454,El Cerrito,Contra Costa,Contra Costa County Office of Education,07100740137026,High Schools (Public),True,64.0,55.0,85.9,55.0,100.0,,,,,,,,403.0,318.0,0.7890818858560794,2563.7,2505.8,39.39,12.12
ROSELAND COLLEGIATE PREP,2025,13.0,11.0,5.0,0.8461538461538461,0.45454545454545453,Santa Rosa,Sonoma,,,,,,,,,,,,,,,,,,,,,,,
RIO VISTA HIGH SCHOOL,2025,10.0,10,,1.0,,Rio Vista,Solano,River Delta Joint Unified,34674134835302,High Schools (Public),False,93.0,86.0,92.5,39.0,45.3,,,,,,,,317.0,228.0,0.7192429022082019,2445.4,2479.1,3.66,7.32
PUBLIC SAFETY ACADEMY,2025,13.0,10.0,5.0,0.7692307692307693,0.5,Fairfield,Solano,Fairfield-Suisun Unified,48705400125310,Alternative Schools of Choice,False,48.0,48.0,100.0,36.0,75.0,,,,,,,,745.0,392.0,0.5261744966442953,2705.0,2658.4,91.84,61.22
EVEREST PUBLIC HIGH SCHOOL,2025,13.0,10.0,5.0,0.7692307692307693,0.5,Redwood City,San Mateo,,,,,,,,,,,,,,,,,,,,,,,
MCCLYMONDS HIGH SCHOOL,2025,17.0,9,,0.5294117647058824,,Oakland,Alameda,Oakland Unified,01612590110189,High Schools (Public),False,65.0,61.0,93.8,35.0,57.4,,,,,,,,273.0,262.0,0.9597069597069596,2475.5,2427.8,16.95,3.57
LUIS VALDEZ LEADERSHIP ACADEMY,2025,11.0,9.0,3.0,0.8181818181818182,0.3333333333333333,San Jose,Santa Clara,East Side Union High,43694270130856,High Schools (Public),True,58.0,55.0,94.8,30.0,54.5,,,,,,,,225.0,188.0,0.8355555555555556,2538.4,2492.4,36.67,6.67
OXFORD DAY ACADEMY,2025,9.0,9,,1.0,,East Palo Alto,San Mateo,San Mateo County Office of Education,41104130135269,High Schools (Public),True,35.0,20.0,57.1,17.0,85.0,,,,,,,,108.0,72.0,0.6666666666666666,2401.3,2405.4,6.25,0.0
MILPITAS MIDDLE COLLEGE HS,2025,12.0,9.0,3.0,0.75,0.3333333333333333,Milpitas,Santa Clara,Milpitas Unified,43733870140673,High Schools (Public),False,23.0,23.0,100.0,10.0,43.5,,,,,,,,55.0,23.0,0.4181818181818181,2627.1,2631.1,68.42,50.0
ALAMEDA COMMUNITY LEARNING CTR,2025,12.0,8.0,5.0,0.6666666666666666,0.625,Alameda,Alameda,Alameda Unified,01611190130609,K-12 Schools (Public),True,55.0,51.0,92.7,40.0,78.4,,,,,,,,362.0,147.0,0.4060773480662983,2556.0,2515.0,35.29,26.0
ENVISION ACAD ARTS/TECHNOLOGY,2025,13.0,8.0,6.0,0.6153846153846154,0.75,Oakland,Alameda,Alameda County Office of Education,01100170112607,K-12 Schools (Public),True,50.0,43.0,86.0,41.0,95.3,,,,,,,,207.0,153.0,0.7391304347826086,2517.4,2472.5,27.66,12.5
ALTERNATIVES IN ACTION HIGH SCHOOL,2025,12.0,8,,0.6666666666666666,,Oakland,Alameda,Alameda County Office of Education,01100170130625,High Schools (Public),True,44.0,32.0,72.7,22.0,68.8,,,,,,,,106.0,95.0,0.8962264150943396,2493.9,2462.0,20.0,0.0
HAYWARD TWIN OAKS MONTESSORI,2025,9.0,8.0,3.0,0.8888888888888888,0.375,Hayward,Alameda,Hayward Unified,01611920127944,K-12 Schools (Public),True,39.0,38.0,97.4,33.0,86.8,,,,,,,,643.0,244.0,0.3794712286158631,2547.5,2499.2,44.44,2.22
CIRCLE OF INDEPENDENT LEARNING,2025,8.0,7.0,3.0,0.875,0.42857142857142855,Fremont,Alameda,Fremont Unified,01611760130534,K-12 Schools (Public),True,64.0,44.0,68.8,5.0,11.4,,,,,,,,394.0,182.0,0.4619289340101523,2556.7,2516.6,46.43,17.86
MILLENNIUM HIGH SCHOOL,2025,6.0,5.0,3.0,0.8333333333333334,0.6,Piedmont,Alameda,Piedmont City Unified,01612750130286,Continuation High Schools,False,20.0,20.0,100.0,17.0,85.0,,,,,,,,61.0,11.0,0.180327868852459,2606.3,2537.2,73.33,26.67
JOHN O'CONNELL HIGH SCHOOL,2025,7.0,5,,0.7142857142857143,,San Francisco,San Francisco,San Francisco Unified,38684783834769,High Schools (Public),False,100.0,78.0,78.0,32.0,41.0,,,,,,,,460.0,324.0,0.7043478260869566,2484.4,2460.0,16.67,4.17
PLEASANTON VIRTUAL ACADEMY,2025,5.0,5,,1.0,,Pleasanton,Alameda,Pleasanton Unified,01751010141432,Alternative Schools of Choice,False,19.0,16.0,84.2,10.0,62.5,,,,,,,,138.0,20.0,0.144927536231884,,,,
TOMALES HIGH SCHOOL,2025,7.0,4,,0.5714285714285714,,Tomales,Marin,Shoreline Unified,21733612134310,High Schools (Public),False,28.0,27.0,96.4,11.0,40.7,,,,,,,,127.0,93.0,0.7322834645669292,2596.6,2524.7,66.67,22.22
LPS OAKLAND R&D CAMPUS,2025,7.0,4,,0.5714285714285714,,Oakland,Alameda,Alameda County Office of Education,01100170126748,High Schools (Public),True,,,,,,,,,,,,,,,,,,,
VISTA HIGH SCHOOL,2025,5.0,3,,0.6,,Richmond,Contra Costa,West Contra Costa Unified,07617960730325,Alternative Schools of Choice,False,85.0,68.0,80.0,15.0,22.1,,,,,,,,420.0,221.0,0.5261904761904762,2522.0,2466.9,25.0,4.08
PESCADERO HIGH SCHOOL,2025,5.0,3,,0.6,,Pescadero,San Mateo,La Honda-Pescadero Unified,41689404135331,High Schools (Public),False,20.0,17.0,85.0,6.0,35.3,,,,,,,,81.0,28.0,0.345679012345679,2579.5,2512.9,57.14,28.57
DECOTO SCHL INDEPENDENT STUDY,2025,6.0,3,,0.5,,Union City,Alameda,,,,,,,,,,,,,,,,,,,,,,,
NOVA INDEPENDENT STUDY,2025,6.0,3,,0.5,,Novato,Marin,Novato Unified,21654172130045,Alternative Schools of Choice,False,33.0,32.0,97.0,14.0,43.8,,,,,,,,73.0,24.0,0.3287671232876712,2607.6,2522.9,69.57,16.67
SOJOURNER TRUTH INDEPENDENT STUDY,2025,6.0,3,,0.5,,Oakland,Alameda,,,,,,,,,,,,,,,,,,,,,,,
JUNE JORDAN SCHOOL FOR EQUITY,2025,5.0,,,,,San Francisco,San Francisco,San Francisco Unified,38684780102103,Alternative Schools of Choice,False,55.0,46.0,83.6,23.0,50.0,,,,,,,,176.0,124.0,0.7045454545454546,2463.9,2416.2,17.78,0.0
NEA COMMUNITY LEARNING CENTER,2025,7.0,,,,,Alameda,Alameda,Alameda Unified,01611190119222,K-12 Schools (Public),True,33.0,32.0,97.0,29.0,90.6,,,,,,,,479.0,154.0,0.3215031315240083,2484.5,2444.6,24.24,3.03
ROBERTSON HIGH SCH VISTA ALTERNATVE,2025,5.0,,,,,Fremont,Alameda,Fremont Unified,01611760130435,Alternative Schools of Choice,False,22.0,20.0,90.9,6.0,30.0,,,,,,,,39.0,22.0,0.5641025641025641,2635.5,2568.6,72.22,38.89
